Employee ID,Survey Date,Engagement Score,Satisfaction Score,Work-Life Balance Score
1001,10-10-2022,2,5,5
1002,08-03-2023,4,5,3
1003,01-03-2023,2,5,2
1004,7/30/2023,3,5,3
1005,6/19/2023,2,4,5
1006,05-03-2023,5,2,1
1007,7/18/2023,2,1,5
1008,6/21/2023,5,2,2
1009,06-06-2023,2,5,1
1010,9/15/2022,2,4,2
1011,12-08-2022,1,2,3
1012,1/13/2023,3,5,4
1013,12/13/2022,5,4,3
1014,6/28/2023,4,4,1
1015,07-11-2023,1,1,3
1016,12-09-2022,2,3,2
1017,7/16/2023,4,1,3
1018,6/21/2023,4,1,4
1019,6/21/2023,1,3,5
1020,08-01-2023,2,1,2
1021,03-09-2023,5,1,4
1022,02-12-2023,1,4,4
1023,1/17/2023,4,4,3
1024,10-12-2022,5,3,1
1025,1/24/2023,4,1,4
1026,10-09-2022,5,2,5
1027,04-05-2023,2,3,5
1028,3/26/2023,5,5,4
1029,11-07-2022,3,5,4
1030,01-03-2023,4,4,1
1031,2/27/2023,5,3,2
1032,5/22/2023,5,4,4
1033,07-02-2023,3,1,3
1034,07-09-2023,2,5,1
1035,7/19/2023,1,5,5
1036,08-09-2022,5,2,1
1037,11/25/2022,5,1,4
1038,03-10-2023,5,1,2
1039,12-03-2022,2,4,5
1040,9/27/2022,5,3,1
1041,1/19/2023,3,1,4
1042,2/17/2023,1,3,4
1043,2/25/2023,1,1,3
1044,11/26/2022,2,4,5
1045,08-08-2022,1,4,1
1046,2/18/2023,3,5,4
1047,05-12-2023,4,2,3
1048,10/19/2022,3,1,4
1049,7/27/2023,3,5,2
1050,07-03-2023,4,5,1
1051,01-01-2023,2,4,5
1052,11/19/2022,1,4,4
1053,10-12-2022,2,1,4
1054,07-05-2023,1,5,2
1055,9/23/2022,3,4,1
1056,1/17/2023,4,2,2
1057,03-12-2023,3,2,5
1058,03-06-2023,4,2,1
1059,3/29/2023,4,3,3
1060,07-01-2023,5,5,4
1061,02-05-2023,3,3,1
1062,01-03-2023,3,2,1
1063,7/25/2023,5,2,4
1064,12/14/2022,5,4,4
1065,1/20/2023,5,3,4
1066,7/15/2023,4,3,5
1067,06-10-2023,3,2,5
1068,10-09-2022,3,2,2
1069,02-04-2023,3,1,2
1070,03-05-2023,3,1,2
1071,5/15/2023,1,2,2
1072,2/18/2023,2,2,3
1073,2/16/2023,4,4,2
1074,02-10-2023,3,4,1
1075,04-10-2023,1,2,3
1076,04-11-2023,1,3,1
1077,10-12-2022,5,2,4
1078,7/28/2023,3,3,4
1079,10-08-2022,2,2,1
1080,03-04-2023,3,1,3
1081,03-03-2023,1,3,3
1082,2/27/2023,1,4,1
1083,01-09-2023,5,5,3
1084,2/19/2023,1,2,4
1085,01-09-2023,5,5,3
1086,3/14/2023,1,1,5
1087,05-03-2023,1,5,2
1088,4/20/2023,4,3,1
1089,4/19/2023,3,1,5
1090,5/16/2023,4,3,4
1091,4/22/2023,2,4,3
1092,03-08-2023,1,4,1
1093,03-05-2023,3,1,4
1094,1/22/2023,5,4,5
1095,3/17/2023,1,2,1
1096,12/17/2022,1,3,2
1097,10/31/2022,1,2,5
1098,12/28/2022,2,2,2
1099,08-04-2023,1,5,5
1100,09-10-2022,1,4,5
1101,3/21/2023,1,1,3
1102,03-02-2023,5,1,4
1103,11-06-2022,5,3,1
1104,12/21/2022,1,4,2
1105,2/15/2023,1,4,1
1106,1/31/2023,2,3,3
1107,10/18/2022,4,5,1
1108,7/24/2023,4,5,3
1109,10/16/2022,4,5,4
1110,2/23/2023,1,1,4
1111,05-11-2023,4,1,1
1112,07-06-2023,4,1,1
1113,04-09-2023,3,3,5
1114,03-03-2023,1,3,3
1115,03-11-2023,4,1,3
1116,12/16/2022,3,4,4
1117,7/29/2023,4,5,1
1118,2/22/2023,1,5,3
1119,4/16/2023,4,4,5
1120,06-05-2023,3,3,4
1121,1/21/2023,1,1,4
1122,12-04-2022,2,1,2
1123,06-10-2023,2,3,1
1124,2/27/2023,3,2,3
1125,3/17/2023,4,3,4
1126,4/23/2023,3,3,2
1127,1/27/2023,5,1,3
1128,2/18/2023,4,2,4
1129,10/31/2022,1,1,1
1130,05-07-2023,1,5,4
1131,05-11-2023,4,4,4
1132,7/15/2023,1,5,5
1133,6/15/2023,1,2,4
1134,12/29/2022,4,1,2
1135,2/23/2023,5,4,4
1136,04-09-2023,2,5,2
1137,11-12-2022,3,3,5
1138,10/19/2022,4,5,1
1139,8/27/2022,2,4,2
1140,05-04-2023,5,3,2
1141,12/26/2022,5,5,2
1142,6/21/2023,4,4,4
1143,12/13/2022,2,4,2
1144,11-03-2022,5,3,2
1145,10/24/2022,3,3,4
1146,9/21/2022,3,2,2
1147,3/19/2023,1,3,5
1148,04-02-2023,4,1,3
1149,11-03-2022,3,2,5
1150,12/28/2022,3,4,4
1151,12-12-2022,5,3,1
1152,12/14/2022,1,1,5
1153,2/28/2023,3,4,2
1154,06-09-2023,1,3,2
1155,8/25/2022,2,3,1
1156,05-12-2023,1,5,2
1157,06-06-2023,1,4,2
1158,3/17/2023,2,4,4
1159,2/18/2023,1,2,4
1160,8/20/2022,4,2,3
1161,04-09-2023,3,4,4
1162,10-05-2022,3,3,2
1163,12/14/2022,1,2,3
1164,10/23/2022,5,5,5
1165,01-09-2023,3,3,1
1166,2/27/2023,2,1,4
1167,5/22/2023,2,3,4
1168,8/28/2022,2,2,2
1169,08-03-2023,1,3,2
1170,02-05-2023,1,5,4
1171,6/24/2023,4,1,4
1172,6/19/2023,1,3,2
1173,6/16/2023,5,5,2
1174,03-06-2023,2,1,5
1175,4/22/2023,2,1,2
1176,10/17/2022,2,2,5
1177,08-12-2022,2,2,5
1178,05-03-2023,2,1,2
1179,07-10-2023,3,5,1
1180,5/15/2023,4,3,1
1181,07-05-2023,5,5,4
1182,8/25/2022,2,4,5
1183,03-07-2023,4,5,5
1184,10-03-2022,1,3,1
1185,8/13/2022,1,2,4
1186,05-12-2023,3,3,5
1187,11/19/2022,4,1,1
1188,7/16/2023,4,1,1
1189,7/19/2023,5,5,3
1190,04-07-2023,2,5,3
1191,7/13/2023,4,4,4
1192,12/24/2022,3,1,1
1193,8/15/2022,5,2,3
1194,12-04-2022,5,4,2
1195,1/30/2023,5,3,2
1196,06-02-2023,4,5,4
1197,11-09-2022,3,5,4
1198,12-12-2022,3,2,2
1199,6/27/2023,3,3,3
1200,4/19/2023,4,5,1
1201,2/23/2023,2,4,4
1202,8/14/2022,1,3,2
1203,10-03-2022,3,5,3
1204,6/22/2023,1,4,3
1205,04-07-2023,2,1,2
1206,10/17/2022,3,4,2
1207,08-06-2022,2,1,2
1208,8/18/2022,5,1,5
1209,5/28/2023,1,3,1
1210,10/24/2022,4,5,1
1211,3/16/2023,3,3,1
1212,1/31/2023,4,5,4
1213,9/28/2022,1,2,4
1214,06-02-2023,1,5,3
1215,10/25/2022,2,1,5
1216,09-09-2022,4,1,1
1217,8/23/2022,5,5,1
1218,2/27/2023,2,3,1
1219,7/17/2023,2,2,2
1220,05-08-2023,5,2,4
1221,8/17/2022,5,5,3
1222,3/31/2023,5,2,1
1223,05-07-2023,4,1,4
1224,5/20/2023,4,2,3
1225,11-05-2022,1,2,4
1226,04-04-2023,4,5,4
1227,12-12-2022,1,2,2
1228,1/21/2023,2,5,3
1229,5/20/2023,4,2,5
1230,11/30/2022,5,4,4
1231,3/13/2023,2,2,1
1232,8/22/2022,2,1,5
1233,05-01-2023,5,5,3
1234,12-11-2022,4,1,5
1235,3/23/2023,5,5,3
1236,7/25/2023,1,4,1
1237,07-11-2023,4,3,1
1238,12/29/2022,1,3,3
1239,10-07-2022,4,5,5
1240,08-02-2023,1,4,3
1241,1/16/2023,4,4,3
1242,7/28/2023,4,4,1
1243,05-04-2023,5,2,3
1244,8/17/2022,2,3,5
1245,9/23/2022,3,5,5
1246,01-12-2023,4,3,2
1247,11/13/2022,2,4,5
1248,12-05-2022,5,3,2
1249,12/22/2022,2,4,2
1250,4/26/2023,4,5,1
1251,12-03-2022,5,5,3
1252,06-10-2023,2,3,2
1253,01-10-2023,2,4,2
1254,6/18/2023,3,1,5
1255,11-03-2022,3,1,1
1256,10/24/2022,4,4,2
1257,7/19/2023,2,1,1
1258,4/16/2023,3,5,4
1259,10/17/2022,1,3,4
1260,2/21/2023,5,2,5
1261,7/13/2023,2,5,4
1262,12/16/2022,3,4,1
1263,1/24/2023,4,5,3
1264,4/21/2023,3,5,4
1265,6/28/2023,4,2,5
1266,3/29/2023,1,3,1
1267,4/25/2023,4,1,5
1268,4/18/2023,2,1,2
1269,9/19/2022,1,2,4
1270,3/16/2023,5,5,1
1271,1/13/2023,3,1,5
1272,10/31/2022,4,2,3
1273,2/26/2023,1,4,2
1274,3/19/2023,2,1,5
1275,8/19/2022,2,5,3
1276,06-01-2023,1,4,5
1277,08-01-2023,4,3,3
1278,5/28/2023,2,4,5
1279,10-11-2022,3,3,5
1280,11-12-2022,3,2,2
1281,5/31/2023,4,2,1
1282,10-04-2022,3,3,1
1283,11/19/2022,2,1,2
1284,11/24/2022,5,1,5
1285,07-05-2023,3,2,2
1286,4/13/2023,1,5,1
1287,7/30/2023,3,5,2
1288,7/15/2023,2,4,5
1289,05-09-2023,5,3,1
1290,04-12-2023,5,4,2
1291,5/24/2023,5,4,5
1292,3/21/2023,1,4,3
1293,3/15/2023,2,3,2
1294,08-03-2023,5,4,2
1295,2/18/2023,3,3,3
1296,02-07-2023,1,1,5
1297,08-10-2022,2,4,4
1298,12-06-2022,1,2,1
1299,07-02-2023,1,2,2
1300,10-07-2022,1,3,1
1301,1/21/2023,1,4,2
1302,06-04-2023,1,2,4
1303,01-01-2023,5,3,5
1304,04-11-2023,3,5,1
1305,2/22/2023,2,5,2
1306,11-12-2022,1,3,5
1307,11/18/2022,1,5,1
1308,8/28/2022,4,5,2
1309,09-07-2022,1,1,3
1310,4/24/2023,3,4,3
1311,03-09-2023,5,2,3
1312,9/25/2022,2,5,2
1313,7/18/2023,5,4,1
1314,3/28/2023,5,5,3
1315,11/29/2022,5,1,1
1316,7/20/2023,3,4,3
1317,05-05-2023,4,2,2
1318,5/21/2023,5,4,2
1319,6/14/2023,4,2,5
1320,01-12-2023,5,1,5
1321,4/30/2023,1,5,5
1322,1/17/2023,1,5,2
1323,05-02-2023,5,1,5
1324,11/16/2022,5,3,3
1325,12/17/2022,1,5,3
1326,03-04-2023,5,3,1
1327,3/23/2023,5,3,4
1328,11-07-2022,1,4,3
1329,5/23/2023,3,2,5
1330,9/25/2022,3,5,2
1331,5/16/2023,3,2,5
1332,4/13/2023,1,2,5
1333,1/29/2023,3,4,5
1334,12/21/2022,1,3,1
1335,10-09-2022,4,5,5
1336,03-09-2023,5,1,4
1337,11-01-2022,3,3,4
1338,10/20/2022,1,1,1
1339,12-02-2022,1,3,2
1340,5/28/2023,5,4,4
1341,5/15/2023,1,3,4
1342,12/20/2022,3,2,2
1343,09-07-2022,1,2,3
1344,8/23/2022,1,4,5
1345,8/28/2022,2,4,4
1346,4/28/2023,4,2,3
1347,2/28/2023,4,3,1
1348,11-01-2022,2,2,4
1349,4/21/2023,1,2,3
1350,03-05-2023,3,4,5
1351,1/18/2023,4,1,5
1352,06-03-2023,4,2,1
1353,10-11-2022,5,1,5
1354,6/21/2023,4,4,2
1355,1/28/2023,2,2,3
1356,8/14/2022,1,1,1
1357,1/30/2023,1,4,3
1358,2/25/2023,1,2,5
1359,01-09-2023,4,5,1
1360,3/31/2023,5,2,1
1361,3/30/2023,1,3,2
1362,01-11-2023,5,2,5
1363,6/19/2023,5,2,2
1364,05-03-2023,2,2,4
1365,10-08-2022,5,1,2
1366,8/17/2022,1,4,2
1367,7/20/2023,1,4,3
1368,10-04-2022,2,2,2
1369,03-08-2023,2,4,3
1370,7/19/2023,1,2,1
1371,5/19/2023,1,1,2
1372,7/30/2023,3,1,4
1373,06-12-2023,1,2,5
1374,02-08-2023,5,5,4
1375,9/28/2022,1,3,2
1376,06-12-2023,4,3,5
1377,03-05-2023,5,5,4
1378,02-03-2023,1,4,5
1379,2/28/2023,5,2,5
1380,12/27/2022,1,1,2
1381,07-10-2023,2,2,1
1382,11/30/2022,2,1,1
1383,09-02-2022,4,1,5
1384,05-05-2023,2,3,4
1385,09-11-2022,3,1,3
1386,3/18/2023,2,4,5
1387,3/29/2023,5,1,2
1388,7/15/2023,5,2,4
1389,2/25/2023,4,4,3
1390,1/23/2023,2,3,4
1391,08-11-2022,4,1,1
1392,9/19/2022,4,4,3
1393,6/17/2023,4,4,4
1394,07-07-2023,1,2,2
1395,5/31/2023,4,1,2
1396,07-07-2023,2,1,3
1397,3/31/2023,3,2,3
1398,04-07-2023,1,1,1
1399,03-07-2023,1,4,4
1400,5/17/2023,2,3,3
1401,11-04-2022,2,5,3
1402,7/13/2023,2,4,4
1403,12/25/2022,1,3,2
1404,2/18/2023,1,2,2
1405,4/29/2023,3,3,3
1406,5/15/2023,4,1,5
1407,2/16/2023,3,3,1
1408,06-07-2023,3,3,3
1409,5/17/2023,2,2,1
1410,04-02-2023,2,2,4
1411,6/25/2023,5,4,5
1412,6/16/2023,4,3,5
1413,10/31/2022,4,3,2
1414,8/13/2022,1,4,4
1415,9/16/2022,2,2,1
1416,05-11-2023,5,4,3
1417,12/31/2022,3,5,2
1418,11/25/2022,2,1,3
1419,02-11-2023,4,2,1
1420,06-12-2023,1,2,4
1421,09-03-2022,3,5,5
1422,04-10-2023,1,5,2
1423,3/23/2023,2,5,5
1424,09-03-2022,4,4,5
1425,09-06-2022,2,3,1
1426,07-11-2023,4,5,5
1427,02-09-2023,1,2,3
1428,06-04-2023,3,5,2
1429,3/23/2023,1,4,3
1430,9/15/2022,2,2,2
1431,10/28/2022,2,1,1
1432,10/13/2022,4,3,4
1433,08-06-2022,5,1,3
1434,10/21/2022,1,2,3
1435,3/23/2023,4,2,3
1436,07-09-2023,1,2,2
1437,01-06-2023,4,5,5
1438,1/21/2023,1,4,1
1439,11/29/2022,3,1,3
1440,11-02-2022,3,1,4
1441,04-07-2023,1,1,5
1442,01-11-2023,2,4,2
1443,06-12-2023,5,2,3
1444,12/21/2022,5,5,3
1445,11/17/2022,2,2,4
1446,6/15/2023,1,1,5
1447,8/17/2022,4,4,1
1448,10/23/2022,1,1,3
1449,08-11-2022,4,2,2
1450,4/22/2023,5,1,2
1451,12/27/2022,4,3,4
1452,8/14/2022,4,4,5
1453,09-12-2022,1,5,1
1454,7/28/2023,2,2,1
1455,07-04-2023,2,2,4
1456,8/31/2022,2,1,5
1457,07-02-2023,2,1,1
1458,02-06-2023,2,2,4
1459,09-10-2022,5,2,5
1460,2/23/2023,2,3,1
1461,04-09-2023,1,1,2
1462,8/31/2022,4,5,5
1463,3/13/2023,5,4,5
1464,07-04-2023,2,5,1
1465,06-02-2023,1,1,3
1466,12-05-2022,1,4,5
1467,8/13/2022,3,4,2
1468,4/21/2023,3,1,3
1469,2/23/2023,4,2,4
1470,3/21/2023,1,4,1
1471,12/23/2022,3,4,2
1472,09-02-2022,2,4,1
1473,12-11-2022,5,2,1
1474,9/22/2022,2,1,3
1475,7/25/2023,2,3,3
1476,12/21/2022,1,4,1
1477,2/24/2023,5,5,3
1478,11/22/2022,1,1,3
1479,8/23/2022,3,4,2
1480,2/16/2023,5,1,4
1481,7/24/2023,3,5,3
1482,4/23/2023,1,1,1
1483,8/19/2022,3,5,4
1484,12/25/2022,5,2,1
1485,12/14/2022,1,2,1
1486,03-05-2023,5,5,2
1487,5/20/2023,4,4,2
1488,3/14/2023,2,2,4
1489,10/13/2022,3,5,2
1490,03-06-2023,2,3,4
1491,3/29/2023,1,3,3
1492,4/17/2023,4,5,2
1493,12-06-2022,2,2,4
1494,05-06-2023,5,5,5
1495,12/30/2022,3,3,4
1496,07-09-2023,2,3,3
1497,7/29/2023,5,4,5
1498,12/28/2022,1,5,3
1499,11/28/2022,4,2,3
1500,7/24/2023,1,4,4
1501,05-08-2023,5,4,4
1502,06-08-2023,5,3,5
1503,10/24/2022,2,2,4
1504,10/23/2022,5,3,2
1505,11-02-2022,2,5,4
1506,05-08-2023,2,3,2
1507,1/19/2023,1,2,1
1508,10-07-2022,4,3,2
1509,9/25/2022,5,1,3
1510,04-06-2023,2,3,3
1511,9/17/2022,2,3,2
1512,4/18/2023,4,5,2
1513,11/18/2022,5,3,5
1514,05-08-2023,1,3,2
1515,12/14/2022,2,3,1
1516,7/16/2023,1,5,3
1517,1/22/2023,4,5,3
1518,9/28/2022,4,4,2
1519,2/25/2023,1,3,1
1520,04-05-2023,2,2,5
1521,06-11-2023,4,1,3
1522,12-03-2022,3,4,5
1523,9/20/2022,4,4,3
1524,1/17/2023,4,1,2
1525,10/29/2022,2,4,1
1526,1/20/2023,2,3,3
1527,06-02-2023,1,1,3
1528,2/25/2023,5,5,2
1529,4/28/2023,3,1,3
1530,10/31/2022,1,2,3
1531,8/23/2022,5,5,3
1532,08-04-2023,5,2,2
1533,6/27/2023,1,3,2
1534,08-12-2022,1,1,5
1535,12-08-2022,4,2,1
1536,3/19/2023,5,3,5
1537,08-06-2022,5,2,4
1538,11-11-2022,2,4,5
1539,1/22/2023,4,4,5
1540,1/24/2023,2,4,2
1541,12/26/2022,1,4,1
1542,7/31/2023,5,4,4
1543,01-07-2023,4,1,1
1544,6/20/2023,5,1,5
1545,8/21/2022,2,4,2
1546,5/26/2023,3,1,5
1547,9/24/2022,4,4,4
1548,6/14/2023,1,4,4
1549,07-07-2023,2,3,1
1550,03-04-2023,2,3,3
1551,07-08-2023,4,4,2
1552,5/31/2023,3,2,4
1553,01-12-2023,3,1,5
1554,06-08-2023,1,3,3
1555,12/19/2022,5,1,2
1556,10-07-2022,4,5,2
1557,8/19/2022,4,1,2
1558,10-09-2022,3,5,2
1559,02-04-2023,3,1,3
1560,1/23/2023,1,2,4
1561,04-01-2023,5,1,3
1562,4/21/2023,3,2,1
1563,4/23/2023,1,4,3
1564,12/20/2022,4,1,4
1565,6/16/2023,5,4,5
1566,7/25/2023,1,4,1
1567,04-12-2023,4,2,4
1568,10-04-2022,1,2,3
1569,03-08-2023,1,3,1
1570,08-07-2022,1,4,5
1571,06-04-2023,3,2,4
1572,10/17/2022,2,4,3
1573,06-10-2023,1,1,3
1574,06-10-2023,4,3,2
1575,11/16/2022,2,3,2
1576,05-07-2023,5,2,3
1577,3/29/2023,5,2,1
1578,02-03-2023,5,5,1
1579,4/15/2023,1,3,1
1580,4/23/2023,1,1,5
1581,12-11-2022,1,3,5
1582,11-04-2022,2,1,5
1583,6/27/2023,3,3,3
1584,3/18/2023,4,1,4
1585,12/23/2022,5,4,4
1586,7/16/2023,3,3,4
1587,6/27/2023,4,5,3
1588,7/21/2023,1,5,5
1589,4/26/2023,2,1,1
1590,4/20/2023,5,1,3
1591,05-10-2023,4,3,1
1592,06-06-2023,1,1,4
1593,10-02-2022,1,4,1
1594,12-08-2022,1,1,4
1595,01-12-2023,3,4,3
1596,02-10-2023,4,4,1
1597,7/23/2023,2,1,4
1598,5/28/2023,2,5,5
1599,9/13/2022,4,5,2
1600,4/28/2023,5,3,2
1601,01-05-2023,4,2,5
1602,04-01-2023,2,1,3
1603,8/31/2022,2,5,1
1604,1/28/2023,1,5,1
1605,05-08-2023,2,3,3
1606,6/28/2023,5,4,3
1607,3/18/2023,3,5,5
1608,12-11-2022,2,4,3
1609,4/13/2023,5,5,4
1610,10/23/2022,4,5,5
1611,5/21/2023,1,2,2
1612,12/13/2022,5,5,3
1613,09-07-2022,4,2,1
1614,04-10-2023,1,4,2
1615,7/27/2023,1,1,3
1616,1/29/2023,3,4,1
1617,02-08-2023,5,1,2
1618,11/16/2022,2,5,4
1619,01-05-2023,4,2,2
1620,10/30/2022,5,3,2
1621,5/21/2023,4,1,3
1622,4/29/2023,1,5,5
1623,12/18/2022,1,2,2
1624,7/24/2023,5,1,3
1625,8/16/2022,5,2,2
1626,01-11-2023,3,4,5
1627,08-06-2022,4,4,1
1628,04-12-2023,4,4,2
1629,9/23/2022,1,2,4
1630,2/25/2023,4,3,2
1631,6/24/2023,2,4,1
1632,03-12-2023,5,4,4
1633,12-09-2022,4,3,2
1634,1/13/2023,2,3,1
1635,12/19/2022,4,4,2
1636,10/14/2022,4,5,2
1637,10/20/2022,4,1,2
1638,05-08-2023,2,4,5
1639,10-12-2022,1,2,1
1640,12/19/2022,2,4,1
1641,3/18/2023,5,4,4
1642,4/14/2023,3,2,2
1643,8/23/2022,5,3,4
1644,04-01-2023,3,1,1
1645,9/26/2022,5,5,5
1646,1/20/2023,2,2,1
1647,2/16/2023,4,2,5
1648,12/16/2022,4,4,5
1649,7/28/2023,3,1,2
1650,3/29/2023,5,1,3
1651,11-01-2022,4,4,4
1652,06-09-2023,1,4,4
1653,12-02-2022,2,4,5
1654,06-11-2023,2,3,3
1655,9/25/2022,3,1,2
1656,9/30/2022,1,4,5
1657,7/29/2023,1,5,1
1658,08-07-2022,2,1,2
1659,07-11-2023,4,5,5
1660,6/17/2023,5,5,1
1661,2/25/2023,5,4,4
1662,5/17/2023,2,4,5
1663,03-10-2023,4,2,4
1664,02-12-2023,2,1,1
1665,8/23/2022,4,2,3
1666,08-12-2022,3,3,4
1667,10/24/2022,1,3,5
1668,10-01-2022,2,1,3
1669,9/13/2022,3,1,2
1670,08-11-2022,2,2,2
1671,07-08-2023,5,3,5
1672,10-08-2022,1,3,4
1673,8/19/2022,3,5,5
1674,10-04-2022,1,5,5
1675,1/25/2023,4,1,4
1676,3/27/2023,2,5,1
1677,03-10-2023,5,4,5
1678,6/21/2023,2,1,1
1679,08-01-2023,5,4,3
1680,03-01-2023,5,4,5
1681,5/30/2023,2,3,4
1682,4/15/2023,5,3,4
1683,12/29/2022,2,4,4
1684,12/30/2022,2,4,3
1685,1/18/2023,1,4,2
1686,02-06-2023,2,4,2
1687,08-03-2023,3,4,5
1688,11-12-2022,1,4,5
1689,4/26/2023,5,3,5
1690,11-12-2022,3,1,5
1691,11/30/2022,3,1,2
1692,6/25/2023,2,2,1
1693,12/18/2022,3,5,1
1694,8/31/2022,3,5,3
1695,5/25/2023,3,3,3
1696,5/27/2023,4,4,1
1697,10/15/2022,1,5,2
1698,3/21/2023,3,5,4
1699,4/25/2023,2,4,3
1700,05-04-2023,5,2,4
1701,4/29/2023,5,3,2
1702,1/20/2023,4,1,2
1703,2/16/2023,1,1,4
1704,04-06-2023,4,4,3
1705,04-02-2023,4,4,1
1706,6/19/2023,3,2,5
1707,10/21/2022,5,4,3
1708,1/29/2023,4,5,4
1709,05-10-2023,5,4,2
1710,07-03-2023,1,2,3
1711,05-05-2023,5,1,4
1712,05-12-2023,3,2,3
1713,10-11-2022,4,4,5
1714,2/27/2023,1,2,3
1715,4/16/2023,2,2,5
1716,1/15/2023,2,1,1
1717,03-06-2023,4,2,5
1718,7/19/2023,5,4,5
1719,3/29/2023,2,3,1
1720,07-10-2023,4,3,2
1721,6/30/2023,5,4,4
1722,3/16/2023,2,2,4
1723,9/16/2022,5,1,5
1724,9/22/2022,4,2,2
1725,04-09-2023,2,4,5
1726,6/14/2023,3,5,3
1727,12/22/2022,4,2,4
1728,08-01-2023,1,4,2
1729,2/15/2023,1,1,2
1730,07-03-2023,2,4,4
1731,6/23/2023,1,4,1
1732,10/24/2022,1,5,4
1733,10/26/2022,4,5,3
1734,04-04-2023,4,1,4
1735,05-10-2023,4,4,5
1736,4/21/2023,3,1,3
1737,3/30/2023,4,5,2
1738,11/13/2022,4,1,2
1739,10-10-2022,2,5,1
1740,9/20/2022,5,4,4
1741,8/22/2022,3,4,2
1742,5/20/2023,5,5,3
1743,4/20/2023,4,1,5
1744,05-02-2023,2,1,4
1745,11/14/2022,4,4,3
1746,6/20/2023,4,3,4
1747,3/28/2023,1,4,4
1748,02-12-2023,3,2,4
1749,08-05-2022,1,4,5
1750,11/13/2022,1,2,5
1751,8/24/2022,4,4,1
1752,12-11-2022,2,1,2
1753,5/30/2023,5,3,3
1754,12/29/2022,5,5,1
1755,10/17/2022,4,1,1
1756,6/27/2023,2,4,4
1757,8/18/2022,5,4,5
1758,8/18/2022,5,3,5
1759,9/16/2022,5,2,4
1760,3/16/2023,5,3,2
1761,2/20/2023,3,2,1
1762,3/19/2023,3,3,5
1763,8/18/2022,4,2,4
1764,3/13/2023,2,3,5
1765,12/24/2022,5,5,2
1766,5/23/2023,1,5,2
1767,08-09-2022,4,1,1
1768,02-11-2023,3,3,3
1769,02-10-2023,4,3,5
1770,2/24/2023,1,3,5
1771,06-03-2023,3,2,1
1772,01-01-2023,3,4,5
1773,11/20/2022,5,5,2
1774,12-09-2022,1,1,2
1775,05-10-2023,4,2,3
1776,1/16/2023,3,2,3
1777,02-02-2023,1,3,1
1778,11/19/2022,3,5,4
1779,8/22/2022,5,3,4
1780,06-03-2023,2,3,2
1781,9/27/2022,2,2,4
1782,07-07-2023,3,4,1
1783,4/21/2023,5,2,4
1784,2/23/2023,2,3,1
1785,08-08-2022,4,4,5
1786,06-03-2023,4,2,1
1787,2/23/2023,2,5,3
1788,08-04-2023,2,5,1
1789,10-07-2022,4,3,1
1790,10-11-2022,4,5,4
1791,9/18/2022,4,5,3
1792,09-12-2022,2,3,5
1793,09-04-2022,1,1,2
1794,5/17/2023,4,4,2
1795,06-10-2023,5,1,4
1796,11/23/2022,3,5,2
1797,05-03-2023,3,3,5
1798,1/27/2023,3,2,4
1799,4/28/2023,2,5,3
1800,02-03-2023,4,3,5
1801,06-02-2023,3,4,3
1802,5/21/2023,4,2,5
1803,1/19/2023,1,3,1
1804,4/14/2023,3,3,5
1805,07-09-2023,3,3,1
1806,08-05-2022,1,2,5
1807,02-03-2023,1,4,4
1808,4/25/2023,5,2,4
1809,04-07-2023,5,2,1
1810,07-06-2023,5,1,4
1811,09-11-2022,2,5,1
1812,12-05-2022,4,2,5
1813,06-03-2023,3,5,3
1814,4/15/2023,3,3,1
1815,10/23/2022,1,4,5
1816,04-03-2023,4,3,1
1817,2/28/2023,3,1,5
1818,6/25/2023,3,1,3
1819,12-11-2022,3,1,1
1820,3/23/2023,5,4,3
1821,11-03-2022,1,2,1
1822,8/27/2022,5,2,2
1823,05-12-2023,4,4,3
1824,3/15/2023,3,1,1
1825,10/27/2022,1,3,3
1826,9/28/2022,3,2,5
1827,9/25/2022,1,3,5
1828,11/27/2022,3,3,2
1829,8/19/2022,2,1,2
1830,07-12-2023,1,4,1
1831,3/25/2023,2,2,2
1832,08-06-2022,1,2,4
1833,1/23/2023,4,3,2
1834,12-08-2022,4,5,1
1835,04-11-2023,5,2,2
1836,10-06-2022,1,4,3
1837,01-01-2023,1,3,3
1838,07-01-2023,2,1,1
1839,4/28/2023,3,3,3
1840,8/24/2022,5,1,4
1841,3/30/2023,3,5,3
1842,12-07-2022,1,4,4
1843,7/31/2023,1,5,4
1844,12/20/2022,2,1,4
1845,6/18/2023,1,2,5
1846,6/21/2023,5,4,1
1847,11/23/2022,5,2,3
1848,04-10-2023,2,4,5
1849,9/20/2022,2,4,4
1850,05-09-2023,3,1,2
1851,03-01-2023,1,1,4
1852,05-02-2023,3,4,1
1853,8/27/2022,4,3,5
1854,7/29/2023,1,2,5
1855,1/31/2023,3,3,3
1856,3/14/2023,2,3,3
1857,8/21/2022,1,4,1
1858,10/26/2022,2,4,1
1859,2/17/2023,4,2,5
1860,3/21/2023,1,4,3
1861,9/22/2022,1,2,4
1862,03-11-2023,5,4,4
1863,07-04-2023,5,2,2
1864,12-10-2022,3,2,1
1865,01-12-2023,1,3,4
1866,10-12-2022,3,5,2
1867,05-08-2023,1,5,2
1868,2/26/2023,5,3,3
1869,8/31/2022,1,2,3
1870,9/13/2022,2,5,3
1871,12-12-2022,1,4,3
1872,4/17/2023,1,2,5
1873,8/14/2022,5,2,3
1874,05-04-2023,2,4,4
1875,08-05-2023,3,1,4
1876,01-09-2023,4,2,1
1877,09-08-2022,2,3,2
1878,1/13/2023,5,3,3
1879,08-05-2023,2,3,4
1880,4/13/2023,5,1,2
1881,9/18/2022,3,5,3
1882,07-07-2023,1,4,2
1883,10-09-2022,3,4,2
1884,4/14/2023,1,3,3
1885,9/14/2022,1,2,4
1886,1/18/2023,3,2,5
1887,05-07-2023,2,3,3
1888,7/23/2023,1,5,1
1889,10-06-2022,5,4,4
1890,05-12-2023,1,3,2
1891,12/22/2022,2,5,2
1892,01-11-2023,3,3,3
1893,06-08-2023,2,3,4
1894,06-01-2023,3,1,5
1895,10/18/2022,4,5,2
1896,1/17/2023,1,1,3
1897,09-05-2022,2,4,5
1898,7/18/2023,4,5,5
1899,6/28/2023,2,4,5
1900,07-02-2023,2,2,5
1901,6/22/2023,4,1,5
1902,7/27/2023,2,5,3
1903,12/17/2022,5,5,2
1904,12-09-2022,5,1,4
1905,4/15/2023,5,2,1
1906,12/28/2022,1,4,5
1907,1/18/2023,2,4,5
1908,1/26/2023,4,2,5
1909,11/23/2022,3,5,2
1910,11-05-2022,1,4,1
1911,04-08-2023,3,4,3
1912,04-02-2023,2,5,1
1913,1/21/2023,5,4,2
1914,2/23/2023,4,4,5
1915,07-11-2023,2,3,5
1916,12/25/2022,3,4,3
1917,10/31/2022,5,2,3
1918,10-01-2022,3,5,5
1919,5/22/2023,2,3,3
1920,9/23/2022,2,5,3
1921,02-01-2023,3,2,5
1922,4/29/2023,1,1,3
1923,7/29/2023,3,4,4
1924,09-05-2022,3,5,1
1925,4/21/2023,1,5,3
1926,8/20/2022,3,4,2
1927,12/13/2022,3,2,1
1928,8/24/2022,4,5,5
1929,12-09-2022,4,1,3
1930,12/27/2022,3,3,4
1931,4/16/2023,2,3,4
1932,1/17/2023,5,5,2
1933,5/24/2023,2,4,5
1934,8/25/2022,2,5,2
1935,4/20/2023,5,1,4
1936,10-11-2022,3,3,5
1937,08-11-2022,4,5,4
1938,9/15/2022,1,4,3
1939,6/13/2023,4,5,3
1940,8/20/2022,3,4,5
1941,9/16/2022,3,5,4
1942,11-08-2022,2,4,2
1943,9/22/2022,5,5,4
1944,12-12-2022,1,4,1
1945,02-10-2023,1,3,4
1946,01-05-2023,3,5,1
1947,6/28/2023,1,3,3
1948,3/16/2023,2,1,5
1949,09-07-2022,5,3,4
1950,9/17/2022,3,2,1
1951,4/20/2023,4,1,3
1952,06-09-2023,2,5,2
1953,04-07-2023,4,5,4
1954,3/16/2023,1,1,5
1955,8/27/2022,2,3,4
1956,1/23/2023,1,5,4
1957,3/17/2023,5,2,2
1958,10-05-2022,4,2,5
1959,01-04-2023,5,3,4
1960,01-06-2023,3,4,1
1961,12/21/2022,2,3,1
1962,09-05-2022,2,4,1
1963,8/23/2022,2,5,3
1964,11/21/2022,5,5,5
1965,2/15/2023,3,1,1
1966,10/29/2022,4,3,2
1967,2/26/2023,4,2,4
1968,12/27/2022,1,4,2
1969,4/20/2023,4,3,3
1970,03-06-2023,5,4,4
1971,5/27/2023,3,2,1
1972,3/15/2023,2,2,3
1973,8/30/2022,4,2,3
1974,1/17/2023,4,1,3
1975,3/24/2023,4,4,3
1976,4/25/2023,1,5,1
1977,3/18/2023,2,5,4
1978,06-08-2023,3,5,1
1979,7/17/2023,1,4,5
1980,5/17/2023,5,4,5
1981,3/23/2023,5,4,3
1982,6/24/2023,3,5,5
1983,8/16/2022,2,5,1
1984,08-07-2022,5,2,2
1985,03-04-2023,5,5,2
1986,9/17/2022,1,4,2
1987,7/18/2023,5,1,3
1988,02-10-2023,1,3,5
1989,05-04-2023,4,2,5
1990,8/31/2022,3,1,1
1991,1/26/2023,2,1,3
1992,02-06-2023,4,3,3
1993,12-10-2022,5,2,4
1994,10-04-2022,5,5,1
1995,4/23/2023,4,3,1
1996,08-01-2023,3,5,2
1997,2/16/2023,3,3,2
1998,09-07-2022,2,4,3
1999,07-12-2023,3,2,2
2000,10/25/2022,1,3,3
2001,02-09-2023,5,3,5
2002,03-11-2023,1,4,2
2003,6/19/2023,5,5,1
2004,05-05-2023,3,3,4
2005,11-04-2022,2,1,2
2006,10/21/2022,5,5,2
2007,7/28/2023,4,1,5
2008,3/17/2023,1,2,2
2009,2/27/2023,5,2,2
2010,2/17/2023,4,4,4
2011,1/27/2023,3,2,2
2012,7/26/2023,2,3,2
2013,03-07-2023,4,5,4
2014,08-07-2022,2,5,4
2015,8/13/2022,4,3,1
2016,5/31/2023,1,3,5
2017,07-11-2023,2,5,4
2018,10/31/2022,5,2,1
2019,3/21/2023,2,1,4
2020,11/28/2022,2,1,4
2021,8/28/2022,1,3,4
2022,11-11-2022,5,3,5
2023,10-10-2022,3,4,4
2024,10/25/2022,2,1,5
2025,05-02-2023,1,2,4
2026,3/22/2023,2,4,4
2027,6/15/2023,3,1,3
2028,10-01-2022,4,4,4
2029,9/30/2022,2,5,1
2030,04-07-2023,4,1,5
2031,02-09-2023,1,3,1
2032,07-02-2023,5,2,4
2033,10-10-2022,4,1,5
2034,1/30/2023,2,4,1
2035,01-11-2023,4,2,3
2036,3/18/2023,4,3,4
2037,1/28/2023,2,5,4
2038,2/18/2023,5,3,2
2039,10-06-2022,5,2,2
2040,4/23/2023,1,2,5
2041,6/19/2023,1,1,5
2042,6/24/2023,5,2,1
2043,06-07-2023,1,3,3
2044,11/14/2022,5,1,5
2045,06-05-2023,3,1,4
2046,03-03-2023,2,2,4
2047,8/24/2022,3,5,3
2048,11/25/2022,2,5,4
2049,06-06-2023,3,1,3
2050,04-03-2023,5,4,5
2051,08-12-2022,5,2,4
2052,07-06-2023,1,4,4
2053,6/23/2023,5,3,1
2054,02-04-2023,4,5,3
2055,10/28/2022,5,4,2
2056,07-12-2023,3,4,1
2057,05-06-2023,4,1,3
2058,5/29/2023,5,5,4
2059,05-09-2023,4,4,5
2060,6/26/2023,5,5,5
2061,5/26/2023,2,4,3
2062,09-05-2022,4,1,2
2063,04-06-2023,4,5,3
2064,3/13/2023,1,3,5
2065,1/13/2023,5,4,4
2066,10-08-2022,1,5,1
2067,3/14/2023,5,2,1
2068,8/22/2022,4,3,5
2069,7/22/2023,3,1,5
2070,2/23/2023,3,4,5
2071,9/15/2022,2,1,5
2072,9/21/2022,5,4,1
2073,02-12-2023,1,2,2
2074,07-05-2023,3,2,4
2075,2/27/2023,4,5,2
2076,01-07-2023,5,5,1
2077,7/26/2023,4,1,1
2078,10/21/2022,5,5,2
2079,03-03-2023,4,2,3
2080,02-12-2023,4,1,4
2081,2/21/2023,1,1,4
2082,01-01-2023,4,2,4
2083,6/26/2023,2,2,4
2084,5/26/2023,3,2,2
2085,10/13/2022,3,4,4
2086,08-05-2022,5,4,3
2087,11/14/2022,4,4,1
2088,12/21/2022,2,1,2
2089,6/16/2023,5,3,3
2090,7/23/2023,3,4,3
2091,2/21/2023,3,1,1
2092,7/24/2023,1,2,3
2093,02-01-2023,2,3,1
2094,8/25/2022,2,5,5
2095,7/21/2023,5,3,1
2096,5/28/2023,3,4,4
2097,8/30/2022,2,1,4
2098,02-01-2023,2,4,1
2099,3/26/2023,1,4,5
2100,01-09-2023,1,1,1
2101,01-10-2023,4,4,2
2102,7/16/2023,1,1,3
2103,2/16/2023,1,4,5
2104,06-10-2023,1,4,3
2105,7/24/2023,3,4,2
2106,10/28/2022,5,5,1
2107,11/25/2022,4,1,1
2108,04-10-2023,1,2,4
2109,04-04-2023,3,3,5
2110,11/13/2022,1,4,2
2111,4/26/2023,2,3,1
2112,02-01-2023,4,3,1
2113,8/31/2022,5,1,5
2114,02-08-2023,5,4,1
2115,1/25/2023,5,2,1
2116,05-11-2023,1,4,2
2117,11/16/2022,2,3,2
2118,3/20/2023,3,2,4
2119,5/27/2023,1,2,3
2120,09-05-2022,4,4,1
2121,1/29/2023,4,1,3
2122,1/25/2023,3,3,2
2123,10/29/2022,3,5,3
2124,4/21/2023,4,1,5
2125,9/23/2022,4,5,3
2126,4/14/2023,3,4,4
2127,08-01-2023,2,2,3
2128,04-01-2023,1,3,1
2129,9/30/2022,5,5,2
2130,3/30/2023,3,5,2
2131,12/28/2022,1,2,1
2132,12/15/2022,2,3,3
2133,03-02-2023,2,3,2
2134,2/27/2023,4,2,5
2135,08-02-2023,2,2,4
2136,2/18/2023,2,2,2
2137,10/14/2022,1,3,3
2138,8/22/2022,1,5,2
2139,05-05-2023,1,4,4
2140,05-11-2023,4,5,4
2141,11/14/2022,2,3,3
2142,05-06-2023,2,5,1
2143,12/14/2022,2,1,1
2144,06-09-2023,2,5,4
2145,5/19/2023,3,3,5
2146,2/24/2023,3,1,1
2147,11-03-2022,2,1,2
2148,06-12-2023,1,1,2
2149,5/21/2023,5,3,5
2150,11/26/2022,2,1,1
2151,04-11-2023,4,4,4
2152,3/30/2023,3,1,4
2153,1/19/2023,3,5,3
2154,5/18/2023,1,3,2
2155,3/13/2023,1,2,4
2156,03-03-2023,5,1,3
2157,12-10-2022,4,2,5
2158,01-04-2023,2,4,3
2159,9/20/2022,1,1,1
2160,1/20/2023,1,1,5
2161,5/27/2023,1,4,3
2162,2/17/2023,3,5,4
2163,01-12-2023,5,5,4
2164,12-09-2022,3,1,3
2165,10/28/2022,5,3,3
2166,1/16/2023,2,2,1
2167,09-03-2022,2,4,2
2168,01-08-2023,5,1,4
2169,4/18/2023,5,2,4
2170,1/30/2023,1,5,2
2171,3/16/2023,1,3,2
2172,3/17/2023,2,4,1
2173,2/13/2023,1,4,3
2174,12/25/2022,1,1,5
2175,3/16/2023,1,3,3
2176,4/29/2023,2,1,1
2177,10/17/2022,4,2,1
2178,09-11-2022,4,1,5
2179,6/16/2023,1,3,1
2180,5/29/2023,4,4,4
2181,02-04-2023,2,1,4
2182,04-12-2023,1,1,2
2183,12/13/2022,4,4,2
2184,03-09-2023,2,4,4
2185,11-07-2022,4,5,5
2186,9/17/2022,4,1,1
2187,1/14/2023,2,1,5
2188,1/25/2023,5,4,2
2189,8/19/2022,1,2,4
2190,3/31/2023,5,2,3
2191,04-11-2023,2,2,3
2192,12/26/2022,5,3,4
2193,07-10-2023,2,2,3
2194,10-02-2022,1,4,1
2195,11/30/2022,1,5,1
2196,08-01-2023,5,2,3
2197,4/15/2023,2,3,1
2198,7/13/2023,2,4,2
2199,06-03-2023,4,3,4
2200,12/16/2022,3,1,5
2201,6/24/2023,5,1,5
2202,6/24/2023,5,4,5
2203,8/29/2022,1,4,1
2204,10-01-2022,5,2,3
2205,09-05-2022,2,3,5
2206,8/24/2022,2,4,3
2207,3/29/2023,3,3,1
2208,03-07-2023,5,3,3
2209,04-01-2023,2,2,5
2210,01-09-2023,1,5,3
2211,02-01-2023,1,5,3
2212,7/26/2023,4,1,5
2213,05-05-2023,1,4,2
2214,2/26/2023,1,1,5
2215,4/24/2023,1,5,5
2216,4/13/2023,4,5,2
2217,10-05-2022,2,1,2
2218,10-10-2022,4,1,5
2219,3/29/2023,5,2,2
2220,03-02-2023,3,3,5
2221,4/28/2023,1,5,1
2222,9/14/2022,2,3,5
2223,5/23/2023,1,1,4
2224,02-02-2023,2,1,3
2225,8/21/2022,1,2,2
2226,1/28/2023,4,4,5
2227,9/18/2022,2,3,4
2228,1/20/2023,3,2,2
2229,4/22/2023,3,1,1
2230,06-09-2023,1,5,5
2231,01-04-2023,1,2,2
2232,11/19/2022,4,5,2
2233,10-03-2022,5,1,1
2234,8/23/2022,1,1,4
2235,09-10-2022,3,5,3
2236,12/29/2022,2,1,2
2237,06-08-2023,2,5,2
2238,3/28/2023,4,4,3
2239,12/31/2022,1,3,4
2240,8/22/2022,2,4,5
2241,1/30/2023,4,4,4
2242,2/26/2023,3,2,4
2243,6/26/2023,1,3,5
2244,03-01-2023,4,2,1
2245,07-08-2023,2,4,4
2246,3/20/2023,3,4,5
2247,2/16/2023,3,4,4
2248,5/24/2023,1,5,5
2249,5/29/2023,3,5,5
2250,5/29/2023,4,2,1
2251,9/18/2022,4,4,4
2252,9/28/2022,1,3,3
2253,6/26/2023,5,1,2
2254,12/14/2022,3,2,5
2255,05-12-2023,1,4,4
2256,7/14/2023,5,5,4
2257,7/25/2023,4,3,5
2258,04-03-2023,2,5,4
2259,01-09-2023,1,2,5
2260,08-05-2023,3,1,4
2261,11/17/2022,2,1,5
2262,4/27/2023,4,4,3
2263,11/28/2022,3,1,4
2264,11-08-2022,1,2,3
2265,03-08-2023,2,4,2
2266,4/27/2023,5,3,2
2267,03-09-2023,1,3,3
2268,07-03-2023,2,3,2
2269,2/14/2023,5,5,1
2270,3/18/2023,4,4,3
2271,3/21/2023,5,4,4
2272,08-05-2022,5,5,3
2273,10/26/2022,5,2,3
2274,8/13/2022,2,5,1
2275,10/24/2022,5,4,3
2276,9/16/2022,5,2,2
2277,11/25/2022,3,4,4
2278,8/21/2022,5,4,2
2279,5/28/2023,2,5,1
2280,2/23/2023,4,2,5
2281,9/24/2022,1,4,2
2282,11-02-2022,1,5,3
2283,10/20/2022,4,2,1
2284,10-11-2022,1,4,4
2285,5/22/2023,4,3,3
2286,1/20/2023,4,4,4
2287,11-11-2022,4,4,2
2288,07-09-2023,5,1,4
2289,03-12-2023,2,5,3
2290,4/14/2023,4,1,3
2291,8/20/2022,3,4,1
2292,11/15/2022,5,1,1
2293,6/19/2023,5,3,1
2294,8/30/2022,4,4,4
2295,11/26/2022,3,5,4
2296,6/15/2023,4,4,5
2297,9/14/2022,5,4,1
2298,11-04-2022,3,2,1
2299,8/18/2022,2,1,2
2300,10-08-2022,5,1,2
2301,7/26/2023,3,1,4
2302,04-12-2023,2,5,3
2303,02-01-2023,5,5,1
2304,6/29/2023,5,1,2
2305,5/26/2023,4,5,5
2306,4/25/2023,3,4,3
2307,7/22/2023,5,2,3
2308,03-11-2023,1,2,3
2309,01-03-2023,2,5,5
2310,10-04-2022,4,1,3
2311,3/15/2023,5,3,2
2312,04-02-2023,1,4,3
2313,04-04-2023,5,2,3
2314,6/23/2023,4,1,3
2315,08-10-2022,4,3,2
2316,09-06-2022,4,2,5
2317,02-07-2023,2,2,1
2318,12/20/2022,2,1,5
2319,3/29/2023,5,4,3
2320,02-12-2023,5,1,3
2321,11-07-2022,4,2,5
2322,8/20/2022,4,3,4
2323,11/21/2022,2,1,3
2324,6/24/2023,1,2,4
2325,12/27/2022,4,4,1
2326,4/19/2023,3,1,4
2327,3/29/2023,4,1,2
2328,09-02-2022,1,4,3
2329,09-02-2022,2,3,1
2330,09-11-2022,3,4,5
2331,12-11-2022,2,5,3
2332,11-02-2022,1,1,1
2333,4/19/2023,5,4,2
2334,12-01-2022,3,3,5
2335,3/24/2023,1,5,5
2336,08-10-2022,5,1,5
2337,07-09-2023,1,4,3
2338,09-09-2022,2,3,5
2339,3/22/2023,3,1,5
2340,5/23/2023,4,5,3
2341,10/14/2022,1,5,2
2342,7/24/2023,1,4,3
2343,11/22/2022,1,3,4
2344,02-08-2023,2,5,5
2345,1/14/2023,2,1,5
2346,02-06-2023,5,3,1
2347,01-09-2023,2,3,2
2348,10-12-2022,4,4,2
2349,11-05-2022,5,5,1
2350,8/24/2022,1,4,5
2351,2/21/2023,3,3,5
2352,07-11-2023,2,3,3
2353,10/17/2022,2,4,3
2354,06-10-2023,5,1,1
2355,11/15/2022,1,1,4
2356,03-07-2023,4,1,1
2357,11-12-2022,1,2,3
2358,09-07-2022,5,3,3
2359,07-08-2023,4,4,3
2360,02-07-2023,4,4,3
2361,02-12-2023,4,4,2
2362,1/21/2023,5,4,5
2363,7/16/2023,2,5,1
2364,02-02-2023,4,2,4
2365,09-07-2022,1,1,1
2366,4/30/2023,4,2,5
2367,10/26/2022,3,2,5
2368,11-06-2022,5,2,1
2369,2/18/2023,5,2,4
2370,10-03-2022,1,2,4
2371,01-10-2023,2,1,5
2372,08-02-2023,3,4,5
2373,7/21/2023,3,5,5
2374,1/16/2023,1,2,1
2375,8/14/2022,2,4,2
2376,12-07-2022,5,2,4
2377,12/31/2022,1,2,1
2378,07-04-2023,2,5,3
2379,07-01-2023,2,5,1
2380,10/25/2022,2,1,3
2381,2/15/2023,2,3,3
2382,11/19/2022,4,3,4
2383,11/21/2022,5,3,5
2384,09-03-2022,2,2,2
2385,1/15/2023,2,1,3
2386,12/16/2022,1,4,3
2387,01-06-2023,1,2,5
2388,06-06-2023,5,2,4
2389,06-06-2023,1,4,2
2390,10/18/2022,1,5,4
2391,6/22/2023,3,3,3
2392,6/19/2023,4,3,2
2393,05-12-2023,3,2,2
2394,11/18/2022,4,1,1
2395,2/23/2023,1,1,4
2396,12/14/2022,3,4,2
2397,09-08-2022,2,5,2
2398,01-07-2023,4,3,3
2399,11/29/2022,1,4,2
2400,3/28/2023,4,4,3
2401,12/23/2022,1,1,3
2402,10/29/2022,3,2,2
2403,11-07-2022,3,3,3
2404,05-01-2023,3,3,1
2405,7/25/2023,4,1,2
2406,2/24/2023,1,4,4
2407,9/23/2022,3,5,5
2408,8/26/2022,2,5,5
2409,01-11-2023,3,3,3
2410,05-03-2023,4,4,1
2411,1/23/2023,2,3,3
2412,04-10-2023,5,4,5
2413,11-08-2022,4,2,2
2414,09-05-2022,1,1,5
2415,02-08-2023,1,2,5
2416,11-01-2022,4,5,1
2417,9/17/2022,2,3,4
2418,03-08-2023,3,2,5
2419,12/22/2022,2,2,1
2420,05-07-2023,4,3,1
2421,04-03-2023,1,3,5
2422,10/18/2022,5,4,5
2423,04-06-2023,3,3,5
2424,2/25/2023,2,1,4
2425,3/28/2023,2,2,2
2426,10/21/2022,5,5,3
2427,4/14/2023,2,2,1
2428,11/30/2022,2,5,5
2429,11-06-2022,3,4,2
2430,9/22/2022,2,1,1
2431,10/31/2022,4,2,5
2432,7/30/2023,1,1,2
2433,08-05-2022,1,5,3
2434,8/14/2022,5,2,5
2435,1/29/2023,1,3,2
2436,11-04-2022,1,3,3
2437,10/17/2022,3,5,2
2438,11-09-2022,4,1,4
2439,8/15/2022,4,3,5
2440,03-08-2023,2,5,2
2441,10/17/2022,2,4,2
2442,1/26/2023,2,1,5
2443,8/17/2022,4,3,5
2444,08-05-2023,1,1,5
2445,11/20/2022,3,4,5
2446,06-09-2023,1,2,5
2447,02-01-2023,5,3,4
2448,4/14/2023,2,2,5
2449,1/28/2023,4,5,3
2450,1/21/2023,5,3,2
2451,3/17/2023,5,3,1
2452,09-02-2022,3,3,1
2453,12/23/2022,3,3,3
2454,9/24/2022,1,4,3
2455,06-11-2023,3,3,1
2456,9/22/2022,4,5,3
2457,4/27/2023,3,2,3
2458,9/19/2022,5,3,1
2459,10/14/2022,5,5,5
2460,3/24/2023,3,4,2
2461,12-03-2022,3,2,4
2462,05-09-2023,4,1,2
2463,12-04-2022,3,5,5
2464,2/18/2023,2,3,2
2465,01-06-2023,3,3,1
2466,9/14/2022,2,4,1
2467,8/14/2022,1,1,4
2468,3/23/2023,5,4,3
2469,4/13/2023,2,1,5
2470,10/21/2022,5,5,2
2471,1/23/2023,5,5,3
2472,6/22/2023,5,2,3
2473,9/16/2022,4,4,3
2474,06-12-2023,4,5,2
2475,5/18/2023,1,4,1
2476,3/18/2023,3,5,5
2477,01-09-2023,4,4,3
2478,1/30/2023,4,4,1
2479,10/31/2022,2,1,2
2480,02-12-2023,3,2,3
2481,08-07-2022,2,5,1
2482,1/19/2023,4,2,5
2483,03-08-2023,5,1,3
2484,06-01-2023,1,2,2
2485,5/14/2023,3,5,5
2486,12/31/2022,1,1,5
2487,05-06-2023,1,1,4
2488,01-10-2023,2,4,5
2489,9/22/2022,1,3,2
2490,1/25/2023,2,2,4
2491,2/23/2023,4,5,2
2492,01-02-2023,3,2,5
2493,1/23/2023,1,3,1
2494,11-06-2022,1,1,1
2495,01-10-2023,5,1,2
2496,12/15/2022,2,3,3
2497,10/27/2022,5,2,5
2498,07-05-2023,5,3,5
2499,05-01-2023,5,5,3
2500,07-01-2023,1,3,5
2501,1/21/2023,1,5,3
2502,7/21/2023,3,3,5
2503,12-06-2022,1,1,1
2504,10/22/2022,1,5,3
2505,10/30/2022,3,2,3
2506,09-04-2022,3,3,2
2507,7/31/2023,2,3,4
2508,07-01-2023,1,4,1
2509,03-10-2023,1,2,3
2510,09-10-2022,2,2,2
2511,6/24/2023,4,3,1
2512,09-02-2022,1,4,2
2513,3/28/2023,5,2,4
2514,06-10-2023,5,2,2
2515,3/28/2023,1,1,1
2516,5/15/2023,5,1,5
2517,07-05-2023,5,5,1
2518,12/28/2022,4,2,1
2519,09-03-2022,3,5,5
2520,02-06-2023,2,1,1
2521,06-07-2023,4,4,4
2522,8/13/2022,3,3,2
2523,2/17/2023,1,1,3
2524,07-10-2023,3,3,4
2525,7/23/2023,2,5,1
2526,10/22/2022,1,1,1
2527,10/28/2022,3,4,5
2528,07-10-2023,2,4,2
2529,12-08-2022,4,5,1
2530,7/18/2023,4,1,1
2531,8/28/2022,2,5,4
2532,3/26/2023,1,1,4
2533,8/20/2022,1,1,3
2534,10/15/2022,2,2,5
2535,08-06-2022,2,5,2
2536,12/16/2022,2,1,2
2537,7/26/2023,4,5,4
2538,10-02-2022,5,4,5
2539,12-08-2022,4,2,3
2540,4/16/2023,3,4,4
2541,7/22/2023,3,4,3
2542,9/21/2022,2,1,3
2543,07-06-2023,3,4,3
2544,07-07-2023,2,3,2
2545,02-12-2023,3,2,3
2546,11-06-2022,4,4,5
2547,5/26/2023,2,5,1
2548,08-07-2022,2,5,3
2549,1/18/2023,4,3,5
2550,01-01-2023,3,1,1
2551,09-03-2022,4,2,2
2552,10/19/2022,3,2,3
2553,10/16/2022,2,2,2
2554,12/29/2022,5,1,4
2555,5/14/2023,5,1,4
2556,02-01-2023,4,1,3
2557,09-04-2022,1,3,1
2558,12/15/2022,2,4,5
2559,07-10-2023,3,5,3
2560,10/19/2022,5,1,5
2561,4/15/2023,3,5,4
2562,4/17/2023,1,4,3
2563,9/24/2022,2,2,4
2564,12-11-2022,1,4,4
2565,8/17/2022,2,5,4
2566,5/19/2023,3,2,2
2567,8/17/2022,4,3,5
2568,6/22/2023,3,5,2
2569,5/28/2023,3,4,3
2570,4/15/2023,3,3,1
2571,6/19/2023,3,3,5
2572,10/19/2022,1,1,2
2573,4/24/2023,1,4,3
2574,3/20/2023,3,1,4
2575,5/26/2023,4,3,4
2576,11/19/2022,2,4,1
2577,9/18/2022,5,2,4
2578,6/17/2023,4,5,3
2579,08-05-2023,3,4,4
2580,10/28/2022,1,2,4
2581,2/20/2023,2,3,4
2582,9/20/2022,3,2,5
2583,5/20/2023,5,5,3
2584,7/20/2023,4,4,5
2585,05-03-2023,5,1,4
2586,11-04-2022,2,4,2
2587,11/24/2022,4,4,4
2588,12-12-2022,5,1,5
2589,11/25/2022,2,5,1
2590,8/28/2022,1,1,4
2591,7/28/2023,4,5,5
2592,6/27/2023,5,1,2
2593,04-04-2023,3,1,2
2594,12-04-2022,1,5,3
2595,12/18/2022,3,5,4
2596,06-06-2023,4,1,2
2597,05-08-2023,4,5,4
2598,5/21/2023,5,3,2
2599,3/31/2023,1,4,2
2600,9/28/2022,5,2,4
2601,10-06-2022,3,5,5
2602,02-10-2023,5,5,2
2603,12-04-2022,4,1,4
2604,1/23/2023,1,1,2
2605,2/25/2023,3,4,3
2606,12/23/2022,1,5,1
2607,2/26/2023,3,1,2
2608,08-07-2022,1,4,5
2609,4/29/2023,3,3,4
2610,11-04-2022,5,1,2
2611,6/25/2023,5,3,1
2612,3/26/2023,2,2,5
2613,03-04-2023,2,1,2
2614,11/19/2022,5,1,1
2615,12-05-2022,5,1,3
2616,09-12-2022,3,1,3
2617,12/23/2022,4,4,2
2618,08-01-2023,5,3,3
2619,3/21/2023,1,2,1
2620,02-04-2023,4,3,4
2621,01-02-2023,3,5,4
2622,10-06-2022,3,5,1
2623,11-10-2022,2,5,3
2624,1/24/2023,1,4,3
2625,10-11-2022,5,5,3
2626,10/23/2022,1,4,2
2627,8/15/2022,5,3,3
2628,12-06-2022,5,4,2
2629,10/24/2022,1,5,4
2630,09-04-2022,1,5,4
2631,01-08-2023,5,1,4
2632,07-07-2023,1,4,2
2633,07-01-2023,5,2,3
2634,12-12-2022,3,5,3
2635,6/21/2023,3,1,3
2636,12/20/2022,5,3,3
2637,6/27/2023,2,2,2
2638,4/28/2023,1,2,2
2639,1/31/2023,1,3,3
2640,7/17/2023,1,5,2
2641,11/25/2022,2,3,5
2642,12-09-2022,2,3,1
2643,05-01-2023,4,3,5
2644,11/22/2022,4,1,2
2645,10/25/2022,4,3,5
2646,12/14/2022,4,2,2
2647,8/23/2022,5,5,3
2648,4/22/2023,4,2,1
2649,12/26/2022,4,4,1
2650,3/24/2023,1,1,1
2651,5/31/2023,1,3,2
2652,11-11-2022,1,4,2
2653,2/23/2023,4,5,3
2654,03-07-2023,4,1,3
2655,8/29/2022,2,5,5
2656,3/15/2023,5,4,3
2657,03-04-2023,4,3,3
2658,10/22/2022,3,1,1
2659,5/22/2023,5,3,2
2660,8/23/2022,5,1,1
2661,2/25/2023,3,3,2
2662,07-08-2023,4,1,1
2663,08-07-2022,3,4,1
2664,6/13/2023,5,2,2
2665,10-05-2022,1,5,5
2666,5/24/2023,5,5,3
2667,12/28/2022,3,2,3
2668,4/28/2023,4,4,1
2669,4/27/2023,4,2,1
2670,6/26/2023,4,2,1
2671,02-12-2023,1,2,5
2672,06-04-2023,5,2,2
2673,10/13/2022,5,1,1
2674,11-06-2022,1,1,4
2675,1/30/2023,2,4,4
2676,10/16/2022,4,3,4
2677,11/29/2022,2,1,5
2678,7/18/2023,5,3,3
2679,02-02-2023,4,4,1
2680,8/31/2022,1,4,4
2681,7/22/2023,3,3,3
2682,11-02-2022,1,2,2
2683,12/23/2022,3,4,2
2684,9/14/2022,3,4,2
2685,07-09-2023,3,1,1
2686,1/23/2023,5,3,4
2687,2/20/2023,4,5,5
2688,11/21/2022,2,3,3
2689,10-06-2022,2,1,1
2690,10/29/2022,1,3,2
2691,12/21/2022,4,1,1
2692,05-04-2023,4,5,2
2693,11-06-2022,2,5,2
2694,12/29/2022,3,4,4
2695,12-04-2022,5,2,3
2696,5/13/2023,3,1,3
2697,5/30/2023,1,5,3
2698,5/24/2023,5,4,5
2699,12-07-2022,1,1,5
2700,1/17/2023,3,5,1
2701,7/20/2023,5,5,3
2702,04-12-2023,5,1,2
2703,5/27/2023,1,5,4
2704,9/14/2022,2,4,4
2705,07-08-2023,3,2,2
2706,12/18/2022,3,2,5
2707,1/28/2023,1,2,1
2708,1/15/2023,1,3,5
2709,8/28/2022,1,2,2
2710,08-12-2022,4,2,3
2711,02-07-2023,4,2,5
2712,6/24/2023,3,2,5
2713,12/22/2022,5,2,4
2714,10/20/2022,3,1,3
2715,01-11-2023,3,5,1
2716,9/28/2022,3,2,2
2717,7/25/2023,1,1,2
2718,06-01-2023,3,5,5
2719,11-09-2022,5,5,5
2720,12-12-2022,3,3,2
2721,3/26/2023,1,4,3
2722,12/18/2022,3,4,2
2723,1/31/2023,3,1,5
2724,01-01-2023,5,3,4
2725,1/30/2023,4,1,5
2726,7/29/2023,2,4,2
2727,6/17/2023,1,3,3
2728,12-03-2022,3,2,1
2729,2/24/2023,3,5,1
2730,9/16/2022,2,3,4
2731,4/26/2023,2,3,2
2732,11-04-2022,1,5,3
2733,04-03-2023,3,4,1
2734,5/14/2023,2,2,3
2735,06-02-2023,5,1,2
2736,11/26/2022,4,2,2
2737,9/20/2022,5,5,3
2738,3/16/2023,4,3,1
2739,6/26/2023,1,2,5
2740,06-06-2023,2,5,1
2741,10-09-2022,4,3,1
2742,11/25/2022,5,3,4
2743,8/31/2022,3,2,5
2744,6/25/2023,2,4,2
2745,1/13/2023,1,2,2
2746,7/13/2023,4,4,5
2747,5/13/2023,3,1,5
2748,08-04-2023,5,2,5
2749,6/24/2023,5,3,4
2750,07-11-2023,3,4,4
2751,12/27/2022,3,1,2
2752,05-07-2023,3,5,1
2753,05-05-2023,3,1,4
2754,2/14/2023,1,5,1
2755,12/15/2022,5,5,4
2756,10/30/2022,1,3,1
2757,4/30/2023,3,4,2
2758,2/15/2023,1,3,1
2759,11-06-2022,3,1,3
2760,9/26/2022,2,1,4
2761,2/15/2023,1,4,3
2762,01-08-2023,3,1,2
2763,08-05-2022,4,2,4
2764,10/22/2022,2,4,3
2765,01-05-2023,3,1,3
2766,9/22/2022,3,5,5
2767,12/14/2022,3,3,4
2768,8/20/2022,2,1,5
2769,08-07-2022,3,1,3
2770,2/25/2023,1,2,3
2771,1/28/2023,2,4,2
2772,4/25/2023,2,4,5
2773,5/29/2023,2,5,4
2774,5/28/2023,1,5,3
2775,08-04-2023,1,4,3
2776,12/26/2022,5,3,5
2777,08-02-2023,5,1,3
2778,2/19/2023,1,1,4
2779,8/28/2022,4,1,1
2780,8/29/2022,3,5,2
2781,02-12-2023,1,2,2
2782,10-07-2022,3,5,3
2783,01-06-2023,3,1,1
2784,01-09-2023,4,3,4
2785,8/15/2022,3,1,5
2786,12-07-2022,4,3,1
2787,04-10-2023,4,2,5
2788,5/29/2023,4,1,3
2789,12-03-2022,1,2,2
2790,01-03-2023,1,5,2
2791,1/19/2023,1,3,1
2792,09-09-2022,3,4,4
2793,3/27/2023,2,5,3
2794,09-03-2022,5,4,4
2795,06-06-2023,5,1,1
2796,08-05-2023,2,4,2
2797,08-05-2022,2,1,2
2798,5/29/2023,3,4,2
2799,02-01-2023,2,1,1
2800,6/20/2023,1,2,2
2801,9/20/2022,1,3,4
2802,07-01-2023,2,3,5
2803,11-04-2022,4,4,5
2804,12-05-2022,5,4,2
2805,5/19/2023,5,3,2
2806,4/14/2023,1,3,1
2807,1/13/2023,3,2,4
2808,3/13/2023,5,2,4
2809,2/13/2023,1,1,5
2810,7/13/2023,2,5,5
2811,4/13/2023,3,4,3
2812,8/14/2022,3,2,5
2813,8/28/2022,4,4,2
2814,7/13/2023,4,1,1
2815,9/22/2022,2,5,3
2816,7/13/2023,4,2,4
2817,08-12-2022,4,1,5
2818,6/21/2023,4,3,3
2819,12/31/2022,2,3,4
2820,10/16/2022,2,1,5
2821,04-12-2023,2,5,5
2822,5/24/2023,2,3,3
2823,1/23/2023,5,2,1
2824,09-09-2022,1,4,1
2825,2/22/2023,5,4,4
2826,6/29/2023,4,3,4
2827,8/30/2022,4,4,5
2828,2/26/2023,5,5,3
2829,02-07-2023,2,5,3
2830,12-09-2022,1,2,2
2831,7/13/2023,5,1,4
2832,11/14/2022,4,5,5
2833,09-02-2022,2,5,2
2834,4/30/2023,5,3,3
2835,3/30/2023,4,5,3
2836,8/13/2022,5,4,1
2837,08-08-2022,4,1,4
2838,07-03-2023,4,4,2
2839,10/23/2022,1,4,5
2840,05-07-2023,3,2,3
2841,10-10-2022,2,2,2
2842,11-10-2022,2,1,5
2843,10-03-2022,5,1,4
2844,7/14/2023,2,5,2
2845,11/14/2022,3,4,2
2846,04-05-2023,1,1,4
2847,12-01-2022,1,2,2
2848,08-11-2022,2,1,1
2849,02-09-2023,5,1,1
2850,3/31/2023,4,1,4
2851,10/16/2022,4,3,3
2852,02-02-2023,2,1,2
2853,7/31/2023,5,1,1
2854,03-05-2023,1,3,4
2855,3/27/2023,3,5,5
2856,1/23/2023,4,5,2
2857,12/24/2022,5,2,5
2858,07-12-2023,1,2,5
2859,8/19/2022,1,3,3
2860,1/31/2023,2,1,4
2861,7/21/2023,2,4,5
2862,03-10-2023,1,2,3
2863,3/13/2023,2,2,1
2864,11/16/2022,1,3,4
2865,10/23/2022,2,2,3
2866,07-09-2023,3,3,2
2867,03-07-2023,3,1,3
2868,2/13/2023,3,4,1
2869,3/24/2023,2,5,4
2870,11/28/2022,5,3,2
2871,5/31/2023,2,5,2
2872,06-08-2023,3,5,1
2873,12/15/2022,4,2,3
2874,3/14/2023,3,5,1
2875,06-12-2023,3,5,4
2876,12/21/2022,3,3,2
2877,03-02-2023,2,4,1
2878,12-09-2022,2,3,3
2879,01-07-2023,1,5,2
2880,1/13/2023,1,1,2
2881,10/20/2022,5,4,1
2882,01-10-2023,3,2,5
2883,6/14/2023,4,3,4
2884,08-08-2022,3,2,4
2885,1/20/2023,1,5,5
2886,2/17/2023,5,5,1
2887,6/24/2023,5,1,1
2888,06-01-2023,5,2,5
2889,06-10-2023,2,2,1
2890,1/17/2023,3,5,5
2891,5/27/2023,5,2,3
2892,02-05-2023,2,1,5
2893,10/14/2022,3,1,1
2894,1/20/2023,1,4,4
2895,5/31/2023,1,2,5
2896,07-01-2023,5,4,1
2897,04-04-2023,3,5,2
2898,11/20/2022,1,4,3
2899,10/24/2022,1,5,3
2900,10/29/2022,1,4,1
2901,5/20/2023,1,4,5
2902,10/23/2022,5,4,3
2903,08-09-2022,3,3,5
2904,8/27/2022,4,2,4
2905,09-10-2022,2,5,1
2906,7/15/2023,2,5,4
2907,3/15/2023,1,4,5
2908,5/14/2023,4,2,5
2909,2/13/2023,2,4,4
2910,05-05-2023,5,1,3
2911,10/27/2022,5,2,2
2912,07-07-2023,3,5,3
2913,05-05-2023,4,1,2
2914,5/29/2023,5,3,3
2915,4/29/2023,3,4,2
2916,2/20/2023,4,4,2
2917,1/17/2023,1,4,5
2918,12-11-2022,4,3,1
2919,06-11-2023,5,1,2
2920,02-04-2023,2,4,4
2921,3/15/2023,5,2,3
2922,4/29/2023,4,2,5
2923,05-06-2023,5,1,2
2924,5/16/2023,5,4,4
2925,7/30/2023,1,3,1
2926,09-10-2022,1,1,1
2927,7/31/2023,4,2,2
2928,8/28/2022,5,4,1
2929,1/28/2023,1,3,4
2930,6/19/2023,1,4,2
2931,9/20/2022,5,4,4
2932,4/28/2023,4,4,3
2933,05-02-2023,3,1,4
2934,11/16/2022,4,3,1
2935,2/14/2023,5,1,1
2936,9/18/2022,4,3,1
2937,12-09-2022,1,4,4
2938,1/30/2023,2,5,1
2939,4/13/2023,4,3,3
2940,4/18/2023,5,1,3
2941,12/14/2022,5,2,5
2942,10/17/2022,3,3,4
2943,10/18/2022,4,1,5
2944,5/21/2023,2,4,1
2945,9/21/2022,4,2,1
2946,1/20/2023,4,5,3
2947,02-11-2023,3,4,2
2948,10-04-2022,2,4,5
2949,02-02-2023,2,2,2
2950,8/21/2022,3,3,5
2951,5/31/2023,3,1,3
2952,04-01-2023,5,3,2
2953,06-01-2023,2,3,4
2954,7/24/2023,5,2,1
2955,06-12-2023,5,2,3
2956,02-06-2023,5,4,1
2957,2/21/2023,1,3,4
2958,5/16/2023,1,2,4
2959,07-05-2023,1,5,2
2960,9/23/2022,2,4,3
2961,02-12-2023,2,2,4
2962,12/19/2022,1,2,3
2963,10-02-2022,1,3,2
2964,12/15/2022,4,1,3
2965,7/13/2023,4,4,5
2966,03-06-2023,5,2,5
2967,08-11-2022,2,3,1
2968,5/23/2023,1,5,4
2969,11/21/2022,4,5,5
2970,10/23/2022,5,5,5
2971,10/14/2022,3,5,4
2972,11/24/2022,3,4,3
2973,12-09-2022,1,3,3
2974,11/26/2022,4,5,4
2975,12/29/2022,2,3,4
2976,09-02-2022,4,3,1
2977,3/21/2023,2,4,3
2978,8/29/2022,5,2,4
2979,01-08-2023,4,5,4
2980,02-06-2023,1,3,5
2981,9/21/2022,5,3,2
2982,9/13/2022,5,4,3
2983,07-01-2023,4,5,4
2984,12-09-2022,4,1,1
2985,7/14/2023,3,5,2
2986,07-12-2023,4,5,3
2987,07-06-2023,4,3,3
2988,7/15/2023,4,4,4
2989,6/18/2023,2,3,3
2990,5/21/2023,2,2,3
2991,8/23/2022,5,5,3
2992,12-07-2022,1,4,2
2993,12/14/2022,5,5,1
2994,12/16/2022,5,5,3
2995,1/19/2023,1,5,2
2996,8/27/2022,3,2,2
2997,11/30/2022,1,2,5
2998,02-04-2023,4,3,3
2999,1/24/2023,2,1,4
3000,7/17/2023,2,2,5
3001,4/13/2023,5,4,3
3002,09-10-2022,3,3,3
3003,1/17/2023,4,3,5
3004,10/21/2022,4,3,4
3005,1/18/2023,4,5,1
3006,2/28/2023,3,5,2
3007,5/15/2023,2,5,3
3008,04-09-2023,2,1,4
3009,10/27/2022,1,2,4
3010,11/19/2022,1,5,5
3011,12-07-2022,4,4,3
3012,1/22/2023,3,5,1
3013,7/13/2023,5,2,4
3014,3/19/2023,3,4,2
3015,12-04-2022,5,5,5
3016,11/29/2022,3,1,2
3017,9/28/2022,3,5,3
3018,9/13/2022,1,1,4
3019,09-11-2022,3,4,2
3020,7/28/2023,2,5,1
3021,10/19/2022,5,3,4
3022,02-05-2023,2,2,3
3023,9/19/2022,3,5,3
3024,03-05-2023,4,5,5
3025,1/25/2023,3,4,5
3026,10/17/2022,3,2,4
3027,2/17/2023,3,2,4
3028,04-01-2023,5,4,1
3029,02-08-2023,1,1,3
3030,12-05-2022,2,2,5
3031,12/20/2022,2,3,2
3032,07-06-2023,1,3,2
3033,8/28/2022,3,3,5
3034,10-11-2022,1,4,2
3035,04-06-2023,2,4,5
3036,2/25/2023,1,4,2
3037,1/14/2023,3,4,2
3038,10-06-2022,5,5,5
3039,08-03-2023,4,2,1
3040,10/23/2022,5,1,4
3041,5/18/2023,5,5,4
3042,1/13/2023,4,1,2
3043,05-01-2023,5,3,3
3044,06-07-2023,1,1,3
3045,01-12-2023,5,4,1
3046,03-06-2023,2,5,3
3047,11/13/2022,4,2,1
3048,02-04-2023,2,2,3
3049,10-10-2022,5,3,2
3050,9/26/2022,1,3,4
3051,02-09-2023,3,5,5
3052,7/22/2023,5,1,3
3053,02-03-2023,2,1,3
3054,11/14/2022,5,5,2
3055,9/29/2022,5,1,3
3056,04-08-2023,5,5,2
3057,02-06-2023,1,2,5
3058,07-04-2023,4,1,1
3059,3/28/2023,2,1,3
3060,9/14/2022,5,2,4
3061,7/19/2023,5,1,3
3062,5/20/2023,3,4,1
3063,10-06-2022,1,5,1
3064,12-02-2022,2,2,5
3065,12-01-2022,3,1,2
3066,12-04-2022,5,4,1
3067,12/26/2022,3,1,2
3068,05-12-2023,3,2,1
3069,5/14/2023,1,2,3
3070,4/15/2023,1,5,4
3071,9/19/2022,1,4,2
3072,11-01-2022,2,4,1
3073,01-03-2023,2,3,5
3074,10/23/2022,1,3,2
3075,7/20/2023,5,3,1
3076,10-08-2022,2,1,5
3077,07-05-2023,2,1,2
3078,1/28/2023,1,1,5
3079,11-12-2022,3,5,3
3080,02-05-2023,3,3,5
3081,4/20/2023,3,3,1
3082,7/30/2023,4,3,4
3083,2/24/2023,4,4,3
3084,12-06-2022,5,3,3
3085,12-10-2022,4,3,5
3086,7/13/2023,4,2,2
3087,8/23/2022,4,3,4
3088,11-05-2022,5,3,5
3089,06-08-2023,5,3,5
3090,1/15/2023,3,2,4
3091,02-10-2023,2,2,4
3092,4/15/2023,4,4,1
3093,12/31/2022,3,4,5
3094,4/26/2023,2,3,1
3095,7/21/2023,5,2,3
3096,05-05-2023,1,3,2
3097,09-08-2022,5,3,4
3098,5/23/2023,3,5,4
3099,09-07-2022,5,4,4
3100,4/25/2023,1,5,2
3101,06-08-2023,5,4,1
3102,01-01-2023,1,2,3
3103,1/26/2023,2,5,2
3104,10-11-2022,5,2,3
3105,10/31/2022,2,1,2
3106,4/29/2023,5,1,2
3107,12-10-2022,2,1,4
3108,7/15/2023,1,4,1
3109,10-06-2022,1,2,1
3110,12/30/2022,1,2,1
3111,7/27/2023,2,5,2
3112,2/20/2023,5,2,3
3113,10-07-2022,5,2,5
3114,8/24/2022,2,2,2
3115,6/29/2023,1,3,5
3116,3/18/2023,2,1,4
3117,8/30/2022,2,3,1
3118,10/25/2022,3,2,3
3119,12/23/2022,4,5,2
3120,04-10-2023,1,5,3
3121,4/13/2023,4,1,3
3122,04-03-2023,1,1,5
3123,07-12-2023,5,2,2
3124,8/13/2022,2,4,2
3125,07-08-2023,3,5,4
3126,8/19/2022,4,5,1
3127,04-09-2023,4,5,5
3128,4/25/2023,3,5,4
3129,3/31/2023,4,2,4
3130,12/28/2022,4,3,3
3131,08-07-2022,3,2,5
3132,6/19/2023,2,2,1
3133,9/21/2022,1,5,1
3134,11/20/2022,3,2,1
3135,10/24/2022,1,2,1
3136,6/21/2023,5,3,5
3137,3/23/2023,1,2,4
3138,07-10-2023,5,3,1
3139,11/29/2022,3,2,1
3140,05-07-2023,1,1,1
3141,2/16/2023,3,1,4
3142,08-10-2022,4,5,1
3143,7/31/2023,1,4,1
3144,12/18/2022,3,4,3
3145,6/13/2023,1,2,1
3146,09-05-2022,5,1,1
3147,7/24/2023,2,2,5
3148,6/24/2023,4,5,1
3149,3/31/2023,2,1,4
3150,8/29/2022,3,2,2
3151,2/24/2023,3,3,1
3152,4/28/2023,1,3,1
3153,11-04-2022,1,5,3
3154,06-03-2023,1,3,5
3155,8/18/2022,2,5,4
3156,1/27/2023,4,2,2
3157,04-11-2023,4,1,3
3158,02-02-2023,1,1,3
3159,4/23/2023,1,1,2
3160,8/20/2022,5,5,3
3161,7/15/2023,1,5,4
3162,3/20/2023,4,4,2
3163,3/19/2023,2,4,5
3164,10-02-2022,4,2,3
3165,6/17/2023,1,5,5
3166,1/26/2023,2,4,1
3167,2/27/2023,5,2,1
3168,08-05-2023,5,2,2
3169,4/27/2023,3,2,3
3170,11/28/2022,1,3,2
3171,01-08-2023,4,1,5
3172,09-02-2022,2,3,1
3173,7/13/2023,5,4,3
3174,01-02-2023,1,5,5
3175,02-03-2023,5,4,1
3176,02-09-2023,5,3,5
3177,4/20/2023,3,4,2
3178,10-07-2022,5,2,1
3179,5/27/2023,5,2,1
3180,1/30/2023,2,1,1
3181,04-05-2023,5,4,1
3182,8/15/2022,3,3,4
3183,05-06-2023,1,1,4
3184,07-03-2023,3,1,4
3185,8/20/2022,5,4,5
3186,06-12-2023,5,2,3
3187,01-02-2023,4,2,2
3188,7/23/2023,5,2,4
3189,2/17/2023,4,3,4
3190,10/15/2022,4,5,5
3191,2/24/2023,1,2,2
3192,6/26/2023,5,4,1
3193,08-05-2023,1,1,5
3194,12/26/2022,2,5,5
3195,3/23/2023,5,4,1
3196,10/31/2022,3,3,1
3197,9/20/2022,5,5,2
3198,01-04-2023,1,3,1
3199,8/31/2022,1,4,4
3200,5/28/2023,5,1,3
3201,12/27/2022,1,4,5
3202,12/25/2022,2,5,1
3203,11-11-2022,4,4,2
3204,12/27/2022,4,1,1
3205,11-03-2022,3,1,3
3206,9/13/2022,2,4,4
3207,1/13/2023,4,4,5
3208,3/22/2023,5,1,3
3209,1/13/2023,3,3,1
3210,07-11-2023,3,5,1
3211,10-09-2022,1,5,3
3212,03-09-2023,2,5,4
3213,01-08-2023,2,5,1
3214,4/14/2023,3,1,2
3215,11-12-2022,4,3,5
3216,3/29/2023,1,4,3
3217,11-01-2022,1,2,1
3218,1/13/2023,2,2,5
3219,02-06-2023,3,3,4
3220,8/22/2022,5,4,3
3221,04-01-2023,1,3,5
3222,10/18/2022,2,5,1
3223,11-11-2022,4,4,2
3224,4/29/2023,2,4,5
3225,9/30/2022,3,1,1
3226,10-06-2022,1,2,3
3227,11/21/2022,3,5,2
3228,11/13/2022,3,5,3
3229,9/29/2022,4,3,4
3230,04-08-2023,4,3,1
3231,12-11-2022,5,3,3
3232,07-01-2023,5,2,3
3233,12/31/2022,5,3,1
3234,04-09-2023,1,3,4
3235,10/22/2022,3,4,1
3236,4/28/2023,2,4,1
3237,02-10-2023,5,1,2
3238,04-05-2023,5,3,5
3239,6/13/2023,5,2,5
3240,8/22/2022,2,5,4
3241,06-03-2023,1,5,3
3242,06-09-2023,3,3,1
3243,11/25/2022,2,3,1
3244,3/25/2023,2,1,1
3245,11/18/2022,3,5,2
3246,05-03-2023,1,1,4
3247,6/26/2023,2,5,4
3248,11-04-2022,4,3,3
3249,02-03-2023,3,2,5
3250,11/15/2022,1,1,3
3251,04-09-2023,5,1,2
3252,08-05-2023,1,3,1
3253,3/28/2023,1,3,1
3254,10/30/2022,2,4,1
3255,2/17/2023,1,4,1
3256,07-04-2023,4,1,4
3257,10-09-2022,1,3,5
3258,10/16/2022,4,4,3
3259,11-07-2022,5,2,1
3260,10/27/2022,5,2,1
3261,06-07-2023,2,2,1
3262,10-06-2022,4,3,3
3263,6/18/2023,1,3,2
3264,7/19/2023,1,4,3
3265,09-10-2022,4,3,2
3266,1/17/2023,1,2,3
3267,6/14/2023,1,5,2
3268,6/30/2023,1,5,4
3269,11/30/2022,1,5,2
3270,9/26/2022,5,5,4
3271,03-12-2023,1,5,1
3272,03-02-2023,5,5,2
3273,05-05-2023,4,5,4
3274,6/25/2023,3,5,4
3275,6/25/2023,1,2,3
3276,3/20/2023,2,2,4
3277,01-07-2023,3,2,3
3278,10/14/2022,1,4,4
3279,04-01-2023,5,2,1
3280,08-03-2023,4,5,4
3281,2/27/2023,4,4,4
3282,4/30/2023,5,1,1
3283,10/19/2022,1,3,3
3284,12-09-2022,2,4,1
3285,5/29/2023,3,3,3
3286,4/25/2023,3,1,4
3287,3/31/2023,5,1,2
3288,3/31/2023,1,5,2
3289,6/13/2023,3,5,1
3290,7/14/2023,1,1,2
3291,6/28/2023,1,1,3
3292,8/14/2022,5,4,3
3293,6/29/2023,5,3,4
3294,1/28/2023,3,2,2
3295,08-11-2022,1,2,1
3296,10/13/2022,1,4,5
3297,10/22/2022,2,3,3
3298,12-12-2022,3,4,4
3299,1/31/2023,4,1,2
3300,02-09-2023,1,1,3
3301,11-10-2022,2,2,2
3302,9/24/2022,5,1,2
3303,03-08-2023,1,2,1
3304,6/15/2023,2,4,2
3305,08-08-2022,5,4,5
3306,12/17/2022,3,5,1
3307,10/23/2022,2,4,1
3308,01-05-2023,1,3,2
3309,5/31/2023,2,3,5
3310,11-04-2022,4,5,5
3311,7/31/2023,5,2,1
3312,6/14/2023,3,1,4
3313,5/31/2023,1,2,2
3314,1/30/2023,1,4,1
3315,6/20/2023,5,3,4
3316,08-10-2022,2,1,2
3317,03-11-2023,1,5,5
3318,11/17/2022,4,3,3
3319,08-05-2022,5,3,4
3320,01-10-2023,1,4,4
3321,01-05-2023,4,1,3
3322,11/27/2022,2,5,4
3323,11-09-2022,5,3,5
3324,09-06-2022,3,2,5
3325,3/20/2023,4,5,5
3326,6/24/2023,4,1,3
3327,12/13/2022,5,1,1
3328,5/19/2023,2,5,4
3329,12-03-2022,4,4,3
3330,4/26/2023,1,3,3
3331,8/26/2022,1,5,5
3332,3/29/2023,2,4,5
3333,12/23/2022,2,3,1
3334,8/18/2022,1,4,2
3335,12-01-2022,5,1,3
3336,1/25/2023,4,4,2
3337,2/21/2023,5,5,2
3338,3/28/2023,3,2,4
3339,08-01-2023,1,1,3
3340,12/14/2022,5,2,3
3341,3/20/2023,3,5,3
3342,12-12-2022,3,4,1
3343,7/21/2023,4,2,5
3344,7/13/2023,5,4,1
3345,2/22/2023,1,1,3
3346,5/25/2023,5,3,2
3347,05-06-2023,4,2,1
3348,9/18/2022,5,2,1
3349,12-01-2022,1,4,3
3350,10/30/2022,2,1,1
3351,2/14/2023,4,2,3
3352,1/22/2023,2,5,2
3353,01-11-2023,2,3,2
3354,09-02-2022,1,4,1
3355,07-08-2023,1,3,3
3356,08-10-2022,2,5,1
3357,12-07-2022,3,3,1
3358,9/27/2022,1,1,2
3359,4/29/2023,3,1,3
3360,6/25/2023,4,4,1
3361,3/23/2023,1,3,3
3362,3/19/2023,1,5,1
3363,6/22/2023,4,4,2
3364,3/18/2023,1,5,2
3365,7/25/2023,1,1,4
3366,8/21/2022,4,5,5
3367,09-11-2022,4,1,5
3368,6/15/2023,5,1,4
3369,6/16/2023,2,5,4
3370,7/30/2023,3,5,3
3371,08-08-2022,4,2,5
3372,7/13/2023,1,3,1
3373,08-03-2023,2,4,4
3374,3/17/2023,1,3,3
3375,1/24/2023,2,4,3
3376,8/19/2022,4,1,2
3377,12/19/2022,3,5,3
3378,04-12-2023,5,1,4
3379,12/31/2022,2,1,4
3380,09-05-2022,4,3,2
3381,10-03-2022,1,5,2
3382,11-10-2022,3,5,5
3383,11-12-2022,3,2,3
3384,6/27/2023,2,1,2
3385,12/21/2022,2,1,4
3386,01-01-2023,2,1,5
3387,4/19/2023,1,3,4
3388,10-09-2022,3,1,3
3389,02-11-2023,2,3,1
3390,08-02-2023,2,4,2
3391,07-05-2023,4,3,1
3392,10-02-2022,3,4,2
3393,5/21/2023,3,4,4
3394,04-06-2023,1,5,5
3395,5/30/2023,4,4,3
3396,9/13/2022,4,3,3
3397,3/22/2023,3,3,2
3398,8/15/2022,5,2,1
3399,5/23/2023,4,4,5
3400,12/30/2022,2,5,3
3401,11-06-2022,4,4,1
3402,4/23/2023,1,4,4
3403,03-06-2023,4,4,3
3404,3/22/2023,4,1,1
3405,8/16/2022,2,1,1
3406,7/16/2023,5,5,4
3407,05-09-2023,1,3,5
3408,06-02-2023,2,2,4
3409,10-03-2022,5,5,4
3410,09-04-2022,4,3,4
3411,10/30/2022,2,3,2
3412,9/24/2022,5,4,4
3413,12/22/2022,1,2,5
3414,02-06-2023,5,2,4
3415,06-08-2023,2,5,1
3416,8/26/2022,1,2,1
3417,5/21/2023,2,5,5
3418,6/26/2023,5,3,4
3419,11/25/2022,2,5,2
3420,03-08-2023,2,3,3
3421,2/15/2023,5,4,2
3422,06-08-2023,1,1,3
3423,9/19/2022,4,5,3
3424,3/14/2023,2,4,5
3425,12/25/2022,5,2,3
3426,8/24/2022,1,3,2
3427,1/14/2023,1,2,3
3428,09-09-2022,2,1,5
3429,5/27/2023,1,2,1
3430,6/16/2023,5,5,4
3431,11/25/2022,2,5,3
3432,12-12-2022,2,3,5
3433,3/25/2023,1,5,2
3434,4/21/2023,1,4,2
3435,12-09-2022,4,3,3
3436,7/30/2023,5,5,2
3437,10/15/2022,3,2,5
3438,10/28/2022,4,2,5
3439,10/30/2022,1,2,5
3440,9/24/2022,1,4,5
3441,10/30/2022,4,2,5
3442,10/31/2022,2,5,3
3443,4/29/2023,2,2,4
3444,12/14/2022,1,2,4
3445,05-07-2023,4,5,2
3446,5/21/2023,4,3,5
3447,05-08-2023,5,1,4
3448,3/28/2023,5,1,5
3449,6/30/2023,3,2,1
3450,1/18/2023,4,3,5
3451,4/29/2023,5,1,2
3452,1/19/2023,5,5,2
3453,9/17/2022,5,5,3
3454,3/14/2023,4,4,2
3455,08-12-2022,2,1,1
3456,3/30/2023,4,3,4
3457,4/21/2023,5,1,4
3458,2/14/2023,2,5,5
3459,10/26/2022,4,4,3
3460,11/16/2022,4,3,3
3461,4/24/2023,1,4,4
3462,11-08-2022,3,3,1
3463,9/18/2022,4,3,4
3464,12/29/2022,2,5,3
3465,5/19/2023,5,4,3
3466,08-04-2023,1,3,4
3467,6/27/2023,4,3,2
3468,02-05-2023,3,1,3
3469,08-01-2023,5,5,1
3470,05-06-2023,1,2,3
3471,4/30/2023,2,4,1
3472,7/26/2023,5,5,4
3473,6/28/2023,3,4,4
3474,05-09-2023,3,1,2
3475,1/25/2023,4,3,4
3476,03-03-2023,5,5,3
3477,12-05-2022,1,2,1
3478,11/29/2022,3,4,1
3479,11-03-2022,4,4,4
3480,7/25/2023,1,5,3
3481,03-02-2023,5,2,4
3482,10/22/2022,4,5,5
3483,10/23/2022,1,4,5
3484,9/16/2022,1,2,4
3485,05-07-2023,2,1,3
3486,8/27/2022,3,1,1
3487,9/23/2022,5,4,1
3488,03-11-2023,1,5,1
3489,12-03-2022,2,4,5
3490,10-12-2022,5,3,2
3491,09-10-2022,3,4,5
3492,1/13/2023,1,5,5
3493,04-02-2023,3,1,5
3494,12/15/2022,1,2,1
3495,09-08-2022,4,3,5
3496,12/26/2022,1,3,2
3497,9/18/2022,2,3,4
3498,6/19/2023,3,3,4
3499,7/21/2023,5,3,5
3500,5/14/2023,4,1,4
3501,2/20/2023,2,3,4
3502,4/24/2023,5,3,5
3503,1/28/2023,5,2,3
3504,4/20/2023,3,4,3
3505,11-10-2022,4,3,2
3506,6/27/2023,2,2,3
3507,3/31/2023,2,5,2
3508,4/17/2023,1,5,4
3509,12-03-2022,4,5,2
3510,8/22/2022,2,4,3
3511,05-11-2023,5,4,5
3512,2/20/2023,5,1,3
3513,05-11-2023,4,1,3
3514,8/25/2022,2,1,1
3515,07-03-2023,3,5,5
3516,11/15/2022,2,3,5
3517,01-01-2023,4,1,1
3518,5/13/2023,4,2,5
3519,06-10-2023,1,3,4
3520,9/17/2022,5,1,1
3521,9/19/2022,1,3,3
3522,7/14/2023,1,5,4
3523,2/27/2023,3,2,3
3524,5/19/2023,3,2,4
3525,02-01-2023,1,2,1
3526,1/28/2023,1,5,3
3527,2/27/2023,1,3,2
3528,5/27/2023,5,2,2
3529,7/15/2023,2,3,4
3530,11/27/2022,1,2,5
3531,2/24/2023,2,4,4
3532,10-08-2022,2,2,5
3533,01-08-2023,2,5,2
3534,4/14/2023,4,3,2
3535,11-01-2022,1,5,1
3536,10-09-2022,1,2,4
3537,09-09-2022,4,2,5
3538,4/20/2023,1,5,4
3539,02-06-2023,3,3,4
3540,6/25/2023,2,2,3
3541,11/28/2022,1,3,3
3542,10/18/2022,2,3,4
3543,02-11-2023,4,5,5
3544,9/14/2022,3,5,3
3545,5/27/2023,2,5,2
3546,05-10-2023,2,5,5
3547,12/24/2022,2,4,2
3548,10-06-2022,5,5,3
3549,4/19/2023,1,4,1
3550,1/23/2023,3,5,4
3551,06-03-2023,4,4,3
3552,10/14/2022,3,4,2
3553,10/30/2022,4,2,4
3554,06-07-2023,2,1,2
3555,1/13/2023,2,5,1
3556,06-11-2023,2,2,3
3557,4/20/2023,4,5,2
3558,10-05-2022,2,5,3
3559,12/27/2022,3,2,1
3560,01-09-2023,2,4,5
3561,11/20/2022,2,1,5
3562,11/27/2022,2,1,3
3563,1/31/2023,4,1,3
3564,03-12-2023,4,4,3
3565,9/29/2022,5,5,5
3566,1/27/2023,1,2,3
3567,08-04-2023,2,3,2
3568,02-07-2023,2,4,1
3569,12/24/2022,1,3,5
3570,01-02-2023,2,5,3
3571,11/23/2022,4,1,5
3572,12-05-2022,5,5,5
3573,12/31/2022,4,1,1
3574,07-07-2023,3,3,3
3575,6/26/2023,5,1,5
3576,3/23/2023,2,3,3
3577,8/14/2022,5,4,5
3578,10/14/2022,1,4,2
3579,4/27/2023,5,3,3
3580,10/21/2022,2,4,3
3581,8/29/2022,3,4,4
3582,9/17/2022,2,2,5
3583,07-05-2023,4,1,4
3584,5/28/2023,2,2,5
3585,01-12-2023,1,2,3
3586,1/31/2023,4,2,4
3587,5/24/2023,1,2,2
3588,05-10-2023,4,2,1
3589,9/18/2022,2,3,2
3590,12-06-2022,2,5,4
3591,7/27/2023,2,1,4
3592,11/15/2022,4,1,2
3593,10-07-2022,4,4,3
3594,1/23/2023,1,5,1
3595,1/19/2023,2,3,1
3596,10/19/2022,4,3,4
3597,10/27/2022,5,4,4
3598,07-01-2023,2,5,4
3599,03-02-2023,4,4,2
3600,07-04-2023,2,1,4
3601,09-01-2022,1,1,2
3602,08-04-2023,3,3,3
3603,10-08-2022,5,1,3
3604,12/15/2022,3,5,4
3605,07-09-2023,5,1,3
3606,3/27/2023,3,5,1
3607,7/18/2023,2,4,1
3608,01-12-2023,1,3,1
3609,11-05-2022,2,2,4
3610,12/14/2022,4,5,5
3611,9/16/2022,2,3,4
3612,07-07-2023,5,3,3
3613,10/13/2022,1,5,2
3614,07-04-2023,4,5,1
3615,02-06-2023,3,1,4
3616,08-04-2023,1,1,1
3617,2/26/2023,2,3,3
3618,12-06-2022,3,4,5
3619,4/30/2023,1,5,2
3620,8/29/2022,1,2,2
3621,6/23/2023,2,3,2
3622,7/26/2023,3,1,5
3623,12-04-2022,2,2,5
3624,01-09-2023,2,2,2
3625,8/28/2022,5,2,4
3626,2/24/2023,2,5,1
3627,1/29/2023,1,1,4
3628,5/27/2023,4,3,1
3629,11/18/2022,2,4,4
3630,10/19/2022,5,3,2
3631,02-10-2023,4,1,5
3632,2/27/2023,3,4,5
3633,11-04-2022,4,4,4
3634,6/25/2023,2,5,2
3635,10-07-2022,1,5,4
3636,12-08-2022,3,5,3
3637,05-07-2023,2,1,3
3638,5/15/2023,4,5,1
3639,3/17/2023,3,2,3
3640,7/25/2023,2,1,2
3641,11-07-2022,2,5,4
3642,10-08-2022,4,1,2
3643,6/18/2023,1,5,3
3644,11-11-2022,4,4,4
3645,06-08-2023,1,3,3
3646,7/30/2023,5,4,4
3647,12/28/2022,2,4,4
3648,9/28/2022,3,3,5
3649,09-08-2022,1,2,2
3650,6/30/2023,3,2,4
3651,10/25/2022,1,4,1
3652,09-01-2022,1,5,2
3653,5/31/2023,4,4,3
3654,01-02-2023,2,4,1
3655,04-05-2023,1,5,1
3656,11/14/2022,5,3,2
3657,3/26/2023,4,2,4
3658,08-02-2023,5,4,2
3659,8/26/2022,3,1,5
3660,8/30/2022,3,2,4
3661,07-06-2023,3,2,5
3662,7/14/2023,3,5,3
3663,4/26/2023,2,3,4
3664,5/30/2023,5,3,2
3665,03-02-2023,5,2,1
3666,4/26/2023,5,2,1
3667,11/18/2022,1,1,2
3668,6/29/2023,1,5,1
3669,04-11-2023,4,2,4
3670,8/16/2022,2,2,3
3671,01-10-2023,3,4,5
3672,11/30/2022,3,2,4
3673,06-08-2023,3,3,1
3674,04-02-2023,4,4,3
3675,05-05-2023,5,3,2
3676,09-07-2022,3,4,1
3677,7/25/2023,3,5,5
3678,11/20/2022,3,4,4
3679,10/26/2022,4,2,5
3680,4/23/2023,3,2,3
3681,8/13/2022,5,2,5
3682,7/30/2023,3,3,3
3683,10/25/2022,2,1,5
3684,4/16/2023,5,5,3
3685,01-03-2023,4,3,4
3686,01-03-2023,3,3,1
3687,09-02-2022,2,4,5
3688,12-02-2022,4,4,4
3689,8/17/2022,4,4,3
3690,5/31/2023,4,3,5
3691,12-07-2022,1,1,5
3692,2/17/2023,4,5,3
3693,04-09-2023,3,1,1
3694,3/20/2023,3,3,5
3695,8/28/2022,1,1,4
3696,12-01-2022,2,1,2
3697,7/20/2023,3,4,1
3698,1/19/2023,2,5,4
3699,6/21/2023,2,4,3
3700,1/18/2023,4,1,1
3701,06-10-2023,4,1,4
3702,2/24/2023,2,4,1
3703,06-02-2023,5,5,5
3704,07-07-2023,2,4,5
3705,5/25/2023,3,1,4
3706,7/17/2023,2,1,4
3707,3/24/2023,3,2,4
3708,8/21/2022,5,5,2
3709,05-08-2023,3,5,3
3710,2/28/2023,5,5,3
3711,12/14/2022,4,3,3
3712,1/25/2023,2,3,1
3713,10/30/2022,3,4,1
3714,7/21/2023,3,5,2
3715,5/20/2023,1,1,4
3716,11/19/2022,5,3,3
3717,01-01-2023,4,1,3
3718,10-05-2022,1,1,3
3719,11/27/2022,1,2,1
3720,5/15/2023,2,1,5
3721,02-07-2023,5,4,5
3722,06-01-2023,1,5,5
3723,6/18/2023,2,1,4
3724,02-04-2023,1,2,5
3725,5/17/2023,4,3,3
3726,10-01-2022,1,4,1
3727,10-11-2022,1,2,5
3728,4/18/2023,5,1,2
3729,3/19/2023,4,5,3
3730,2/20/2023,4,5,5
3731,04-11-2023,2,4,1
3732,12-12-2022,3,4,4
3733,08-05-2023,1,3,5
3734,7/31/2023,4,5,2
3735,02-03-2023,4,4,4
3736,9/14/2022,3,1,3
3737,09-09-2022,2,5,1
3738,9/19/2022,3,3,5
3739,5/23/2023,1,3,4
3740,6/23/2023,2,2,4
3741,09-01-2022,2,5,4
3742,01-07-2023,2,1,1
3743,08-11-2022,2,1,3
3744,09-05-2022,4,3,2
3745,1/13/2023,5,4,4
3746,11-06-2022,2,1,5
3747,4/26/2023,2,5,5
3748,11/18/2022,4,1,3
3749,04-01-2023,1,3,3
3750,12-07-2022,4,1,5
3751,04-05-2023,1,1,4
3752,08-04-2023,3,1,5
3753,2/23/2023,1,3,2
3754,4/23/2023,3,3,5
3755,07-11-2023,5,4,2
3756,11/23/2022,1,5,3
3757,7/24/2023,4,4,5
3758,10-04-2022,2,1,1
3759,11/28/2022,3,4,1
3760,10/28/2022,4,3,1
3761,5/30/2023,2,4,1
3762,08-06-2022,2,1,1
3763,07-09-2023,3,2,5
3764,07-11-2023,2,1,5
3765,01-02-2023,1,1,2
3766,05-12-2023,4,4,5
3767,07-09-2023,2,5,3
3768,1/27/2023,2,4,1
3769,9/25/2022,3,5,3
3770,05-06-2023,1,3,3
3771,9/25/2022,2,2,4
3772,09-10-2022,2,5,1
3773,10/16/2022,1,5,2
3774,04-11-2023,5,3,1
3775,4/15/2023,2,1,3
3776,12/13/2022,4,1,5
3777,10/28/2022,4,3,2
3778,02-06-2023,1,5,3
3779,6/18/2023,4,1,1
3780,5/21/2023,2,3,2
3781,08-09-2022,5,3,1
3782,7/19/2023,1,5,1
3783,03-07-2023,3,4,3
3784,03-04-2023,3,3,2
3785,05-05-2023,3,2,2
3786,12/29/2022,3,4,2
3787,03-06-2023,1,2,1
3788,05-05-2023,3,4,2
3789,9/25/2022,3,1,4
3790,7/31/2023,3,2,1
3791,09-07-2022,4,1,1
3792,9/25/2022,2,2,2
3793,5/15/2023,2,3,3
3794,12-05-2022,1,1,3
3795,9/29/2022,4,3,2
3796,6/28/2023,1,5,2
3797,09-03-2022,3,4,2
3798,11-08-2022,1,1,1
3799,12/24/2022,3,1,3
3800,12-08-2022,5,3,5
3801,11/27/2022,2,1,4
3802,01-09-2023,3,3,5
3803,12-07-2022,1,2,5
3804,03-07-2023,3,2,2
3805,12/31/2022,2,5,2
3806,3/13/2023,4,1,5
3807,8/17/2022,4,5,4
3808,1/27/2023,5,4,4
3809,09-04-2022,3,1,5
3810,12/22/2022,3,3,1
3811,5/18/2023,1,1,1
3812,01-11-2023,3,3,1
3813,06-06-2023,2,3,4
3814,07-08-2023,4,1,2
3815,2/23/2023,1,5,3
3816,12/26/2022,1,1,5
3817,6/24/2023,3,3,1
3818,1/28/2023,1,1,3
3819,07-01-2023,4,1,1
3820,7/26/2023,1,3,4
3821,12-05-2022,5,4,4
3822,3/23/2023,4,4,5
3823,11/16/2022,5,4,1
3824,2/13/2023,4,4,5
3825,12/22/2022,4,4,2
3826,11/17/2022,2,1,3
3827,12/25/2022,3,3,4
3828,2/21/2023,2,5,1
3829,10/30/2022,3,2,1
3830,12/28/2022,1,1,3
3831,5/19/2023,3,2,5
3832,11-03-2022,1,4,5
3833,02-04-2023,3,5,2
3834,1/25/2023,3,5,5
3835,10-01-2022,5,3,1
3836,03-04-2023,2,3,5
3837,10/15/2022,5,3,1
3838,12-05-2022,1,1,2
3839,04-04-2023,3,3,4
3840,02-03-2023,1,5,4
3841,5/18/2023,5,4,4
3842,7/31/2023,2,5,5
3843,11/16/2022,3,5,5
3844,02-01-2023,3,2,5
3845,08-05-2023,4,5,3
3846,1/27/2023,4,5,1
3847,10-04-2022,5,3,1
3848,10-02-2022,5,1,4
3849,09-07-2022,3,3,1
3850,10/15/2022,1,3,5
3851,8/27/2022,5,2,1
3852,5/30/2023,5,2,4
3853,02-04-2023,1,3,3
3854,7/18/2023,5,2,5
3855,4/24/2023,5,3,4
3856,1/17/2023,5,1,4
3857,9/18/2022,1,1,2
3858,05-07-2023,3,3,1
3859,08-02-2023,1,2,5
3860,6/26/2023,2,4,3
3861,7/19/2023,3,1,5
3862,01-08-2023,3,1,3
3863,11/23/2022,4,2,1
3864,11-11-2022,3,4,2
3865,5/26/2023,1,4,3
3866,9/16/2022,2,1,5
3867,10/31/2022,5,3,3
3868,9/16/2022,3,1,2
3869,01-07-2023,1,4,2
3870,2/13/2023,1,5,1
3871,7/15/2023,4,5,2
3872,8/15/2022,5,5,3
3873,3/25/2023,3,4,5
3874,10-01-2022,4,4,5
3875,02-02-2023,5,5,1
3876,11-07-2022,3,2,5
3877,6/30/2023,3,3,4
3878,2/23/2023,4,4,1
3879,12/22/2022,1,5,2
3880,9/18/2022,4,3,1
3881,10/20/2022,5,3,5
3882,9/19/2022,5,3,3
3883,3/13/2023,2,2,1
3884,7/30/2023,4,2,3
3885,7/30/2023,5,5,5
3886,8/30/2022,5,2,5
3887,11-04-2022,2,3,5
3888,05-02-2023,3,1,4
3889,1/26/2023,2,1,1
3890,10/24/2022,2,3,3
3891,07-06-2023,3,2,2
3892,07-11-2023,5,4,2
3893,1/26/2023,3,1,2
3894,8/14/2022,4,3,5
3895,7/16/2023,2,1,2
3896,2/14/2023,5,3,1
3897,2/28/2023,5,4,3
3898,11-04-2022,4,5,1
3899,02-04-2023,4,5,4
3900,03-09-2023,5,2,1
3901,07-10-2023,1,2,5
3902,02-02-2023,3,1,1
3903,02-04-2023,1,4,3
3904,9/13/2022,4,4,1
3905,06-12-2023,5,5,5
3906,1/18/2023,3,2,4
3907,03-07-2023,3,2,5
3908,12/25/2022,2,5,3
3909,5/18/2023,1,1,2
3910,11/29/2022,5,3,4
3911,06-06-2023,2,5,4
3912,7/23/2023,1,3,4
3913,9/15/2022,2,2,5
3914,3/15/2023,3,5,3
3915,02-01-2023,5,3,1
3916,3/22/2023,1,3,1
3917,9/24/2022,3,1,4
3918,5/30/2023,3,3,5
3919,05-02-2023,3,3,2
3920,11/14/2022,2,1,4
3921,6/30/2023,4,3,2
3922,2/15/2023,5,3,1
3923,10/27/2022,2,4,3
3924,11-07-2022,2,4,5
3925,4/27/2023,1,3,3
3926,7/15/2023,4,1,4
3927,05-04-2023,5,4,1
3928,01-04-2023,4,2,1
3929,10/28/2022,2,5,2
3930,05-06-2023,4,4,4
3931,9/30/2022,2,1,5
3932,6/23/2023,5,5,4
3933,3/27/2023,3,4,5
3934,04-07-2023,3,3,2
3935,04-05-2023,5,1,4
3936,3/25/2023,5,3,4
3937,11/21/2022,1,3,1
3938,12/16/2022,1,1,1
3939,01-09-2023,5,2,4
3940,12/25/2022,5,4,3
3941,1/26/2023,2,3,3
3942,02-02-2023,3,4,1
3943,08-06-2022,5,2,2
3944,2/26/2023,5,3,4
3945,01-03-2023,4,4,2
3946,7/23/2023,1,3,4
3947,7/28/2023,4,3,1
3948,03-10-2023,4,4,2
3949,4/22/2023,5,2,5
3950,10/18/2022,2,3,5
3951,04-01-2023,4,1,3
3952,12/13/2022,1,4,1
3953,3/16/2023,3,4,4
3954,6/18/2023,5,1,5
3955,06-10-2023,2,1,1
3956,9/26/2022,4,5,2
3957,06-07-2023,3,2,4
3958,04-10-2023,5,3,1
3959,6/30/2023,5,4,5
3960,7/14/2023,3,4,1
3961,11/20/2022,2,5,2
3962,5/30/2023,4,3,3
3963,7/28/2023,4,1,5
3964,3/28/2023,5,2,3
3965,06-08-2023,4,1,2
3966,10-03-2022,5,5,5
3967,01-05-2023,5,3,4
3968,12/14/2022,5,5,1
3969,08-09-2022,4,5,2
3970,1/14/2023,5,1,5
3971,3/23/2023,3,3,2
3972,10/29/2022,5,4,1
3973,8/17/2022,3,2,1
3974,04-04-2023,4,5,1
3975,11/27/2022,1,4,3
3976,4/25/2023,4,5,1
3977,01-06-2023,1,5,4
3978,09-04-2022,4,3,5
3979,12-09-2022,3,5,2
3980,10-03-2022,4,2,5
3981,10/31/2022,1,2,4
3982,10-09-2022,1,1,1
3983,12-03-2022,4,3,1
3984,2/24/2023,5,5,4
3985,9/28/2022,5,4,2
3986,10-08-2022,4,3,2
3987,12/22/2022,5,4,1
3988,5/20/2023,5,2,5
3989,4/26/2023,2,1,1
3990,8/27/2022,2,2,1
3991,10-11-2022,2,3,2
3992,7/14/2023,4,3,1
3993,10/16/2022,3,4,4
3994,2/14/2023,3,5,2
3995,01-05-2023,4,5,2
3996,4/14/2023,3,5,1
3997,09-10-2022,2,4,1
3998,2/22/2023,5,5,2
3999,10-02-2022,5,4,2
4000,4/21/2023,3,2,1
